normal,gen_z,normal_cleaned,gen_z_cleaned
I'm just really tired today and just want to relax at home.,"I'm super drained today, just tryna chill at home.",im just really tired today and just want to relax at home,im super drained today just tryna chill at home
"Hey, did you see the new movie that just came out?","Yo, did you peep the new flick that dropped?",hey did you see the new movie that just came out,yo did you peep the new flick that dropped
"Hey, I'm going to grab some coffee later. Do you want to come along?","Yo, I'm about to hit up Starbucks later. Wanna roll through?",hey im going to grab some coffee later do you want to come along,yo im about to hit up starbucks later wanna roll through
"Hey, do you want to grab some coffee after work?","Yo, you down to hit up some coffee after work?",hey do you want to grab some coffee after work,yo you down to hit up some coffee after work
I'm just going to chill with my friends this afternoon.,"I'm finna vibing with my squad later, no cap.",im just going to chill with my friends this afternoon,im finna vibing with my squad later no cap
I'll see you at the coffee shop later.,"Catch you at the coffee spot later, fr.",ill see you at the coffee shop later,catch you at the coffee spot later fr
I'm just hanging out with my friends at the mall today.,Just vibing with my squad at the mall today.,im just hanging out with my friends at the mall today,just vibing with my squad at the mall today
I'm honestly really tired after working all day.,"I'm legit dead tired after grindin' all day, fr.",im honestly really tired after working all day,im legit dead tired after grindin all day fr
"Hey, do you want to hang out at the park today?","Yo, wanna slide to the park today?",hey do you want to hang out at the park today,yo wanna slide to the park today
I'm just going to hang out with my friends at the mall tonight.,I'm just chillin' with my squad at the mall tonight.,im just going to hang out with my friends at the mall tonight,im just chillin with my squad at the mall tonight
"Hey, I’m really tired today and just want to relax.","Yo, I’m hella drained today and just wanna chill, fr fr.",hey i’m really tired today and just want to relax,yo i’m hella drained today and just wanna chill fr fr
Let's meet up at the cafe later to study.,"Yo, let's link at the cafe later to grind on some homework.",lets meet up at the cafe later to study,yo lets link at the cafe later to grind on some homework
I'm just waiting for my friend to arrive so we can go to the cafe.,"Just vibing, waitin' on my homie to pull up so we can hit the cafe.",im just waiting for my friend to arrive so we can go to the cafe,just vibing waitin on my homie to pull up so we can hit the cafe
"I'm really tired after the long day, so I just want to relax and watch some TV.","I'm totally drained after today, just wanna chill and binge some shows.",im really tired after the long day so i just want to relax and watch some tv,im totally drained after today just wanna chill and binge some shows
I'm really tired today after staying up all night.,"I'm hella drained ‘cause I stayed up all night, fr fr.",im really tired today after staying up all night,im hella drained ‘cause i stayed up all night fr fr
I think we should grab some coffee later.,"Yo, we should peep some coffee later, fr fr.",i think we should grab some coffee later,yo we should peep some coffee later fr fr
I'm just relaxing at home and watching a movie.,"I'm chillin' at home, vibing with a flick.",im just relaxing at home and watching a movie,im chillin at home vibing with a flick
I'm really tired today because I stayed up late watching shows.,I'm totally exhausted today ’cause I binge-watched all night. ,im really tired today because i stayed up late watching shows,im totally exhausted today ’cause i bingewatched all night
I'm just going to relax and watch some Netflix tonight.,I’m just vibing and Netflix binging tonight lol.,im just going to relax and watch some netflix tonight,i’m just vibing and netflix binging tonight lol
"Hey, I was just thinking about meeting up later if you're free.","Yo, was just poppin' about linking up later if you're down.",hey i was just thinking about meeting up later if youre free,yo was just poppin about linking up later if youre down
"I'm just chilling at home, watching some movies.","I'm just vibing at home, catching some flicks.",im just chilling at home watching some movies,im just vibing at home catching some flicks
I'm going to grab some coffee with my friend tomorrow.,I'm finna hit up my buddy for some coffee tomorrow.,im going to grab some coffee with my friend tomorrow,im finna hit up my buddy for some coffee tomorrow
"Hey, I just finished my homework and I want to relax now.","Yo, just wrapped my homework, now I’m chillin’ and vibin’.",hey i just finished my homework and i want to relax now,yo just wrapped my homework now i’m chillin’ and vibin’
"Hey, do you want to go grab some coffee after school?","Yo, wanna dip for some coffee after class?",hey do you want to go grab some coffee after school,yo wanna dip for some coffee after class
"I'm really tired today, I think I'll just relax at home.","I'm totally exhausted today, gonna just chill at my place.",im really tired today i think ill just relax at home,im totally exhausted today gonna just chill at my place
I'm just casually relaxing at home and binge-watching a new show.,I'm just chillin' at home and binge-watching some fresh new series.,im just casually relaxing at home and bingewatching a new show,im just chillin at home and bingewatching some fresh new series
I'm really excited for the concert tonight.,I'm so hype for the concert tonight.,im really excited for the concert tonight,im so hype for the concert tonight
"Hey, I'm really excited for the concert this weekend!","Yo, I'm mad hyped for the concert this weekend! 🔥",hey im really excited for the concert this weekend,yo im mad hyped for the concert this weekend 🔥
I'm really excited to see my friends later today.,I'm super hyped to hang with my crew later! 🔥,im really excited to see my friends later today,im super hyped to hang with my crew later 🔥
"Hey, did you see the new trailer for the movie?","Yo, have you peeped the new trailer for the flick?",hey did you see the new trailer for the movie,yo have you peeped the new trailer for the flick
I'm just going to relax and watch some videos this evening.,I'm just chillin’ and vibing with some vids tonight.,im just going to relax and watch some videos this evening,im just chillin’ and vibing with some vids tonight
I'm so tired after working all day.,"I'm totally drained after grindin' all day, fr fr.",im so tired after working all day,im totally drained after grindin all day fr fr
I'm just relaxing at home and listening to some music.,"Just chillin' at my crib, vibing with some tunes.",im just relaxing at home and listening to some music,just chillin at my crib vibing with some tunes
I'm just going to relax at home and watch some TV today.,I'm just gonna chill at home and binge some shows today.,im just going to relax at home and watch some tv today,im just gonna chill at home and binge some shows today
I'm just chilling at home and watching some Netflix.,"I'm just vibing at home and Netflix-ing, fr fr.",im just chilling at home and watching some netflix,im just vibing at home and netflixing fr fr
I'm just hanging out with my friends at the park.,I'm just vibing with my squad at the park.,im just hanging out with my friends at the park,im just vibing with my squad at the park
I'm really tired today but I have to go to work.,I'm super exhausted today but I gotta hit up work.,im really tired today but i have to go to work,im super exhausted today but i gotta hit up work
"I'm feeling pretty tired today, so I think I'll just stay home and relax.","I'm lowkey drained today, so I’m just chillin' at home to vibe.",im feeling pretty tired today so i think ill just stay home and relax,im lowkey drained today so i’m just chillin at home to vibe
I'm really tired after today's workout.,I'm dead after hittin' that session today.,im really tired after todays workout,im dead after hittin that session today
I'm just really tired today and feeling a bit bored.,I'm mad tired today and vibing in boredom.,im just really tired today and feeling a bit bored,im mad tired today and vibing in boredom
"Hey, did you finish your homework today?","Yo, did you peep your homework today or what?",hey did you finish your homework today,yo did you peep your homework today or what
"I'm really tired today, I think I need some coffee.","I'm so drained today, I gotta get me some caffeine.",im really tired today i think i need some coffee,im so drained today i gotta get me some caffeine
"Hey, do you want to hang out at the mall this afternoon?","Yo, wanna vibe at the mall later?",hey do you want to hang out at the mall this afternoon,yo wanna vibe at the mall later
I'm just pretty tired after a long day at work.,I'm mad drained after a whole day at the grind.,im just pretty tired after a long day at work,im mad drained after a whole day at the grind
I'm really tired after doing so much work today.,"I'm totally drained after grindin' all day, no cap.",im really tired after doing so much work today,im totally drained after grindin all day no cap
"Hey, I saw you at the park yesterday and you looked really happy.","Yo, saw u at the park yesterday, u looked vibing real hard.",hey i saw you at the park yesterday and you looked really happy,yo saw u at the park yesterday u looked vibing real hard
I'm really excited about hanging out with my friends tonight.,I'm so hyped to chill with my peeps tonight!,im really excited about hanging out with my friends tonight,im so hyped to chill with my peeps tonight
I'm so excited for the concert tonight!,I'm hella stoked for the concert tonight!,im so excited for the concert tonight,im hella stoked for the concert tonight
I'm really tired because I stayed up late last night.,I'm hella drained 'cause I pulled an all-nighter yesterday.,im really tired because i stayed up late last night,im hella drained cause i pulled an allnighter yesterday
I'm really tired today after a long week.,"I'm so drained after this crazy week, fr.",im really tired today after a long week,im so drained after this crazy week fr
"Hey, have you seen the new movie that just came out?","Yo, have you peeped the new flick that just dropped?",hey have you seen the new movie that just came out,yo have you peeped the new flick that just dropped
"I'm really tired today, I just want to chill at home.","I'm dead tired today, just wanna veg at home.",im really tired today i just want to chill at home,im dead tired today just wanna veg at home
I'm really tired today after staying up late last night.,I'm dead tired today 'cause I pull an all-nighter last night.,im really tired today after staying up late last night,im dead tired today cause i pull an allnighter last night
I'm really excited for the party tonight!,I'm super hyped for the party tonight!,im really excited for the party tonight,im super hyped for the party tonight
I'm really excited about the concert this weekend!,"OMG, I’m so hyped for the concert this weekend!",im really excited about the concert this weekend,omg i’m so hyped for the concert this weekend
"Hey, I just finished my homework and I am so tired.","Yo, just copped my homework and I'm deadass drained.",hey i just finished my homework and i am so tired,yo just copped my homework and im deadass drained
I'm so tired today because I didn't sleep well last night.,I'm so drained today 'cause I caught no z's last night.,im so tired today because i didnt sleep well last night,im so drained today cause i caught no zs last night
I'm just really tired today after the long day at work.,"I'm so drained after this long grind at work, fr.",im just really tired today after the long day at work,im so drained after this long grind at work fr
"That movie was really good, I loved it!","That flick was a vibe, I mess with it!",that movie was really good i loved it,that flick was a vibe i mess with it
I'm really tired today and just want to relax at home.,I'm mad tired today and just wanna chill at home.,im really tired today and just want to relax at home,im mad tired today and just wanna chill at home
"Hey, do you want to grab a bite to eat later?","Yo, wanna catch some grub later?",hey do you want to grab a bite to eat later,yo wanna catch some grub later
I'm just really tired today and don't feel like doing anything.,"I'm hella exhausted today and not tryna do anything, fr.",im just really tired today and dont feel like doing anything,im hella exhausted today and not tryna do anything fr
"Hey, are you free to hang out tomorrow?","Yo, you down to chill tomorrow?",hey are you free to hang out tomorrow,yo you down to chill tomorrow
"Hey, I forgot my phone at home today.","Yo, I left my phone at home today, fr.",hey i forgot my phone at home today,yo i left my phone at home today fr
I can't believe how hot it is today!,"No cap, it's blazing today!",i cant believe how hot it is today,no cap its blazing today
"Hey, do you want to grab lunch after school?","Yo, wanna hit up lunch after classes?",hey do you want to grab lunch after school,yo wanna hit up lunch after classes
I'm just going to relax and watch some YouTube videos.,"I'm just chillin' and vibin' with some YouTube, no cap.",im just going to relax and watch some youtube videos,im just chillin and vibin with some youtube no cap
I'm just tired today because I didn't get enough sleep.,I'm hella drained today 'cause I didn’t catch enough Z’s.,im just tired today because i didnt get enough sleep,im hella drained today cause i didn’t catch enough z’s
I'm going to the grocery store to buy some food.,I'm heading to the store to snag some snacks.,im going to the grocery store to buy some food,im heading to the store to snag some snacks
"Hey, do you want to grab a coffee after class?","Yo, wanna snag a coffee after class?",hey do you want to grab a coffee after class,yo wanna snag a coffee after class
I can't believe how busy I am today.,"I'm shook, today's been max hectic.",i cant believe how busy i am today,im shook todays been max hectic
I'm just really excited about the concert tonight.,I'm mad hyped for the concert tonight!,im just really excited about the concert tonight,im mad hyped for the concert tonight
I'm just chilling at home and watching some videos.,"I'm just vibing at home, binge-watching some vids.",im just chilling at home and watching some videos,im just vibing at home bingewatching some vids
I'm just going to relax and watch some TV today.,I'm vibing out and binge-watching some shows today.,im just going to relax and watch some tv today,im vibing out and bingewatching some shows today
I'm just feeling a little tired today.,"I'm straight-up vibin', kinda drained today.",im just feeling a little tired today,im straightup vibin kinda drained today
I'm going to hang out with my friends at the mall later.,"I'm about to LITty with my crew at the mall later, fr fr.",im going to hang out with my friends at the mall later,im about to litty with my crew at the mall later fr fr
I'm just chilling at home and watching some TV.,"Just vibing at home, Netflix and chillin'.",im just chilling at home and watching some tv,just vibing at home netflix and chillin
I’m just going to chill at home and watch some movies tonight.,I'm just gon' kick it at home and binge some flicks tonight.,i’m just going to chill at home and watch some movies tonight,im just gon kick it at home and binge some flicks tonight
"Hey, are you free to hang out tomorrow afternoon?","Yo, you got time to chill tomorrow arvo?",hey are you free to hang out tomorrow afternoon,yo you got time to chill tomorrow arvo
I'm just really tired today and don't feel like going out.,I'm mad tired today and not tryna dip out.,im just really tired today and dont feel like going out,im mad tired today and not tryna dip out
"I'm really hungry, want to grab some lunch?","I'm mad hungry, let's hit up some lunch fam!",im really hungry want to grab some lunch,im mad hungry lets hit up some lunch fam
I'm really tired after the long day.,I'm totally drained after this long-ass day.,im really tired after the long day,im totally drained after this longass day
"I'm really tired today, so I think I’ll just stay in and relax.","I'm totally wiped today, so I’m gonna chill at home and vibing.",im really tired today so i think i’ll just stay in and relax,im totally wiped today so i’m gonna chill at home and vibing
I'm just trying to relax and enjoy my weekend.,I'm just vibing and chillin' through my weekend.,im just trying to relax and enjoy my weekend,im just vibing and chillin through my weekend
"Hey, I just finished my homework and I'm gonna relax for a bit.","Yo, just wrapped my homework, finna chill for a sec.",hey i just finished my homework and im gonna relax for a bit,yo just wrapped my homework finna chill for a sec
I'm really tired after those long errands today.,I'm hella drained after running all those errands today.,im really tired after those long errands today,im hella drained after running all those errands today
"Hey, I really like your new phone, it's awesome!","Yo, your new phone is fire, so sick!",hey i really like your new phone its awesome,yo your new phone is fire so sick
I'm so tired today because I stayed up late watching movies.,"I'm straight-up exhausted 'cause I was binge-watching movies till late, no cap.",im so tired today because i stayed up late watching movies,im straightup exhausted cause i was bingewatching movies till late no cap
I'm just trying to finish my homework before I go out with friends.,I'm just tryna knock out my homework before I slide with my squad.,im just trying to finish my homework before i go out with friends,im just tryna knock out my homework before i slide with my squad
"I'm really tired after working all day, I just want to relax now.","I'm mad drained after grinding all day, just tryna chill now.",im really tired after working all day i just want to relax now,im mad drained after grinding all day just tryna chill now
"Hey, do you want to grab dinner after work?","Yo, wanna hit up a dinner sesh after work?",hey do you want to grab dinner after work,yo wanna hit up a dinner sesh after work
"Hey, I just got back from the store and bought some snacks.","Yo, just hit the store and snatched some snacks, fr fr!",hey i just got back from the store and bought some snacks,yo just hit the store and snatched some snacks fr fr
"Hey, I just realized I forgot my keys at home.","Yo, just peeped I left my keys vibing at home lol.",hey i just realized i forgot my keys at home,yo just peeped i left my keys vibing at home lol
I'm really excited about my upcoming trip to the beach.,"I'm sooo hyped for my trip to the beach, it's gonna be lit!",im really excited about my upcoming trip to the beach,im sooo hyped for my trip to the beach its gonna be lit
I'm really excited to meet up with my friends later.,I'm so hyped to link up with my squad later!,im really excited to meet up with my friends later,im so hyped to link up with my squad later
I'm thinking about going to the park later to relax.,"I'm lowkey tryna hit the park later to chill, fr.",im thinking about going to the park later to relax,im lowkey tryna hit the park later to chill fr
I'm just gonna grab some coffee before heading to class.,"I'm just finna snag some coffee before bouncing to class, no cap.",im just gonna grab some coffee before heading to class,im just finna snag some coffee before bouncing to class no cap
"Hey, I'm really tired today because I didn't sleep well last night.","Hey, I'm so exhausted today 'cause I didn't catch enough Z's last night.",hey im really tired today because i didnt sleep well last night,hey im so exhausted today cause i didnt catch enough zs last night
I'm really tired today and just want to stay in and relax.,"I'm mad tired today, just wanna chill at home and vibe.",im really tired today and just want to stay in and relax,im mad tired today just wanna chill at home and vibe
I'm going to grab some coffee before work.,"I'm tryna hit up some coffee before I clock in, fr.",im going to grab some coffee before work,im tryna hit up some coffee before i clock in fr
I'm just going to stay home and relax today.,"I'm just chillin' at home today, no cap.",im just going to stay home and relax today,im just chillin at home today no cap
"I'm feeling really tired today, I might just stay home and relax.","I'm hella drained today, might just vibe at home and chill.",im feeling really tired today i might just stay home and relax,im hella drained today might just vibe at home and chill
"Hey, I saw your new video and it was really funny!","Yo, I saw your new vid and it was totally hilarious!",hey i saw your new video and it was really funny,yo i saw your new vid and it was totally hilarious
I'm really excited to meet my friends later.,I'm super hyped to vibe with my crew later.,im really excited to meet my friends later,im super hyped to vibe with my crew later
I'm really tired today because I didn’t sleep well last night.,I'm super wiped today 'cause I didn’t catch enough Z's last night.,im really tired today because i didn’t sleep well last night,im super wiped today cause i didn’t catch enough zs last night
I'm just hanging out with my friends at the café.,Just vibing with my friends at the spot ✌️,im just hanging out with my friends at the café,just vibing with my friends at the spot ✌️
"Hey, do you want to go watch a movie tonight?","Yo, you tryna vibe and catch a flick tonight?",hey do you want to go watch a movie tonight,yo you tryna vibe and catch a flick tonight
I can't believe how quickly the pizza was delivered!,"No cap, the pizza got here lightning fast!",i cant believe how quickly the pizza was delivered,no cap the pizza got here lightning fast
"Hey, I’m really tired today because I didn’t sleep well last night.","Yo, I’m so dead today 'cause I didn’t catch enough Z’s last night.",hey i’m really tired today because i didn’t sleep well last night,yo i’m so dead today cause i didn’t catch enough z’s last night
I'm just tired and want to chill at home today.,"I'm so drained, just tryna vibe solo at my place today.",im just tired and want to chill at home today,im so drained just tryna vibe solo at my place today
"Hey, did you see that new movie everyone was talking about?","Yo, did you peep that new flick everyone's vibing with?",hey did you see that new movie everyone was talking about,yo did you peep that new flick everyones vibing with
I'm just really tired today and feeling a bit stressed out.,"I'm totally worn out today and vibing with some major stress, fr.",im just really tired today and feeling a bit stressed out,im totally worn out today and vibing with some major stress fr
I'm just going to grab some coffee and chill at the park.,I'm just gonna peep some coffee and vibe at the park.,im just going to grab some coffee and chill at the park,im just gonna peep some coffee and vibe at the park
I'm just relaxing at home and watching some YouTube videos.,"Chillin' at home, vibing with some YouTube stuff.",im just relaxing at home and watching some youtube videos,chillin at home vibing with some youtube stuff
I'm just going to relax at home all day today.,"I'm just chilling at home all day today, no cap.",im just going to relax at home all day today,im just chilling at home all day today no cap
"I'm really tired today, so I think I'll just stay home and chill.","I'm hella drained today, so I'm just gonna Netflix and vibes at home.",im really tired today so i think ill just stay home and chill,im hella drained today so im just gonna netflix and vibes at home
Let's hang out after school tomorrow.,"Yo, let's vibe together after school tmrw!",lets hang out after school tomorrow,yo lets vibe together after school tmrw
I'm just going to relax at home this weekend.,"I'm just vibing at home this weekend, no cap.",im just going to relax at home this weekend,im just vibing at home this weekend no cap
I'm really tired after my long day at work.,I'm hella drained after grindin' all day at work.,im really tired after my long day at work,im hella drained after grindin all day at work
"Hey, I just finished my last class for the day.","Yo, just wrapped up my last class for the day, fr fr!",hey i just finished my last class for the day,yo just wrapped up my last class for the day fr fr
I just finished my homework and I’m feeling pretty good about it.,I just bossed my homework and I’m vibing with it.,i just finished my homework and i’m feeling pretty good about it,i just bossed my homework and i’m vibing with it
I'm really tired today but I still have to finish my homework.,I'm super drained today but I gotta grind and finish my homework.,im really tired today but i still have to finish my homework,im super drained today but i gotta grind and finish my homework
I'm just planning to hang out with friends this afternoon.,"OOTD, just vibing with the crew today, no cap.",im just planning to hang out with friends this afternoon,ootd just vibing with the crew today no cap
"Hey, I forgot my keys at home this morning.","Bruh, I left my keys at home today, no cap!",hey i forgot my keys at home this morning,bruh i left my keys at home today no cap
"Hey, I just finished my homework and I'm all set for the weekend.","Yo, just wrapped up my homework, and I'm chillin’ for the weekend!",hey i just finished my homework and im all set for the weekend,yo just wrapped up my homework and im chillin’ for the weekend
I'm really tired after staying up all night studying.,I'm hella drained 'cause I pulled an all-nighter studying.,im really tired after staying up all night studying,im hella drained cause i pulled an allnighter studying
I'm really tired because I stayed up late studying.,I'm huge tired 'cause I pulled an all-nighter hitting the books.,im really tired because i stayed up late studying,im huge tired cause i pulled an allnighter hitting the books
"I'm just chilling at home, watching some videos online.","I'm just vibing at home, scrolling through vids online.",im just chilling at home watching some videos online,im just vibing at home scrolling through vids online
"Hey, do you want to hang out later today?","Yo, you tryna vibe later?",hey do you want to hang out later today,yo you tryna vibe later
I'm feeling really tired today after staying up late yesterday.,I'm mad drained today 'cause I stayed up all night yesterday.,im feeling really tired today after staying up late yesterday,im mad drained today cause i stayed up all night yesterday
"Hey, do you want to hang out after school?","Yo, wanna chill after class?",hey do you want to hang out after school,yo wanna chill after class
I'm just trying to relax after a long day at work.,I'm just vibing and chilling after a long grind.,im just trying to relax after a long day at work,im just vibing and chilling after a long grind
I'm going to grab a coffee with my friends later.,"I'm finna brew up some coffee with my squad later, fr.",im going to grab a coffee with my friends later,im finna brew up some coffee with my squad later fr
I'm just going to relax and watch some TV now.,I'm just chillin’ and vibing with some shows now.,im just going to relax and watch some tv now,im just chillin’ and vibing with some shows now
I'm just hanging out with friends at the park.,I'm just vibing with my friends at the park.,im just hanging out with friends at the park,im just vibing with my friends at the park
"I'm really tired today, I think I need some rest.","I'm totally drained today, need to catch some Z's.",im really tired today i think i need some rest,im totally drained today need to catch some zs
I'm just going to chill at home tonight and watch some Netflix.,"I'm just vibing solo at home tonight, bingeing some Netflix, no cap.",im just going to chill at home tonight and watch some netflix,im just vibing solo at home tonight bingeing some netflix no cap
I think I'm going to skip the party tonight.,"I'm totally ghostin' the party tonight, fr fr.",i think im going to skip the party tonight,im totally ghostin the party tonight fr fr
"Hey, did you see how cool that new movie was?","Yo, that new film was such a vibe, did you catch it?",hey did you see how cool that new movie was,yo that new film was such a vibe did you catch it
I'm just casually hanging out with my friends at the park.,"Just vibing with my squad at the park, no cap.",im just casually hanging out with my friends at the park,just vibing with my squad at the park no cap
"It's really nice outside today, perfect weather for a walk.","Yo, the weather's mad nice today, perfect for a stroll.",its really nice outside today perfect weather for a walk,yo the weathers mad nice today perfect for a stroll
"Hey, I think I'm going to grab some coffee before class.","Yo, I might peep some coffee before class, fr.",hey i think im going to grab some coffee before class,yo i might peep some coffee before class fr
"Hey, I saw your new haircut yesterday!","Yo, I peeped your fresh cut yesterday!",hey i saw your new haircut yesterday,yo i peeped your fresh cut yesterday
"Hey, do you want to hang out this afternoon?","Yo, wanna kick it today?",hey do you want to hang out this afternoon,yo wanna kick it today
"I'm just sitting here, relaxing and listening to some music.","I'm just vibin' here, chillin’ with my tunes.",im just sitting here relaxing and listening to some music,im just vibin here chillin’ with my tunes
"Hey, did you see the new movie that just came out yesterday?","Yo, did y'all peep the new flick that Dropped yesterday?",hey did you see the new movie that just came out yesterday,yo did yall peep the new flick that dropped yesterday
Are you going to the party tonight?,Are you pulling up to the party tonight?,are you going to the party tonight,are you pulling up to the party tonight
I'm just really tired today and feel like staying in bed all day.,I'm死ass drained today and just wanna stay in bed all day lol,im just really tired today and feel like staying in bed all day,im死ass drained today and just wanna stay in bed all day lol
I'm really tired after running errands all day.,"I'm wiped after hustle all day, fr fr.",im really tired after running errands all day,im wiped after hustle all day fr fr
I'm really tired and just want to relax at home today.,"I'm super exhausted and just wanna chill at home today, fr.",im really tired and just want to relax at home today,im super exhausted and just wanna chill at home today fr
"Hey, I'm just relaxing at home and listening to some music.","Yo, I'm just chillin' at my place and vibing to some tunes.",hey im just relaxing at home and listening to some music,yo im just chillin at my place and vibing to some tunes
I'm just going to chill at home and watch some Netflix.,"I'm just gonna vibing at home and binge some Netflix, no cap.",im just going to chill at home and watch some netflix,im just gonna vibing at home and binge some netflix no cap
I'm really tired today because I stayed up too late last night.,I'm soooo exhausted today ’cause I was up all night last night 😴.,im really tired today because i stayed up too late last night,im soooo exhausted today ’cause i was up all night last night 😴
I'm so tired because I didn't get enough sleep last night.,I'm vibing so busted 'cause I barely slept last night.,im so tired because i didnt get enough sleep last night,im vibing so busted cause i barely slept last night
It's really hot outside today.,"It's mega hot out today, fr fr.",its really hot outside today,its mega hot out today fr fr
I'm heading out to get some coffee with my friends.,I'm off to grab some java with my squad ☕🔥,im heading out to get some coffee with my friends,im off to grab some java with my squad ☕🔥
I'm just really tired today because I didn't sleep well.,I'm lowkey exhausted today 'cause I slept like trash.,im just really tired today because i didnt sleep well,im lowkey exhausted today cause i slept like trash
I'm probably going to stay home and watch some movies tonight.,"I'm just chillin' at home, binge-watching some flicks tonight.",im probably going to stay home and watch some movies tonight,im just chillin at home bingewatching some flicks tonight
I'm just chilling at home watching my favorite show.,"I'm just vibing at home, binge-watching my fave's drip.",im just chilling at home watching my favorite show,im just vibing at home bingewatching my faves drip
I just finished my homework and I'm going to relax for a bit.,Just peaced out from my homework and I'm fin to chillax for a bit.,i just finished my homework and im going to relax for a bit,just peaced out from my homework and im fin to chillax for a bit
"Hey, are you free this afternoon to hang out?","Yo, you vibing this arvo to chill?",hey are you free this afternoon to hang out,yo you vibing this arvo to chill
I'm just going for a walk to clear my head.,I'm just vibing with a little walk to clear my mind.,im just going for a walk to clear my head,im just vibing with a little walk to clear my mind
"Hey, did you see the new movie that came out last night?","Yo, did ya catch the new flick that dropped last night?",hey did you see the new movie that came out last night,yo did ya catch the new flick that dropped last night
I'm just going to chill at home and watch some movies tonight.,I'm just gon' vibe at my place and binge some flicks tonight.,im just going to chill at home and watch some movies tonight,im just gon vibe at my place and binge some flicks tonight
"Hey, do you want to hang out at the park this afternoon?","Yo, wanna vibe at the park later?",hey do you want to hang out at the park this afternoon,yo wanna vibe at the park later
I noticed that the new cafe opened downtown yesterday.,"Yo, saw that new chill spot pop up downtown yesterday!",i noticed that the new cafe opened downtown yesterday,yo saw that new chill spot pop up downtown yesterday
I'm really tired after a long day at work.,I'm super drained after all that at work today.,im really tired after a long day at work,im super drained after all that at work today
I'm thinking about going to the park later to relax and maybe grab some ice cream.,"I'm vibing with hitting the park later to chill and maybe snag some ice cream, fr.",im thinking about going to the park later to relax and maybe grab some ice cream,im vibing with hitting the park later to chill and maybe snag some ice cream fr
"Hey, did you see that new movie yesterday?","Yo, did you catch that fresh flick yesterday?",hey did you see that new movie yesterday,yo did you catch that fresh flick yesterday
I'm feeling really tired today because I stayed up late last night.,I'm dead tired today 'cause I pulled an all-nighter last night.,im feeling really tired today because i stayed up late last night,im dead tired today cause i pulled an allnighter last night
"Hey, I just saw a really cute dog on my walk.","Yo, just peeped the cutest pupper on my walk, fr.",hey i just saw a really cute dog on my walk,yo just peeped the cutest pupper on my walk fr
I'm really tired after the long day at work.,I'm so drained after this long day at the grind.,im really tired after the long day at work,im so drained after this long day at the grind
I'm so tired after a long day at work.,"I'm so drained after a mega long shift, fr.",im so tired after a long day at work,im so drained after a mega long shift fr
"Hey, did you finish your homework?","Yo, did you peep your homework yet?",hey did you finish your homework,yo did you peep your homework yet
"I'm just really tired today, so I think I'll stay home and relax.","I'm mad drained today, so I'm just chillin' at home and vibin'.",im just really tired today so i think ill stay home and relax,im mad drained today so im just chillin at home and vibin
I'm just hanging out with my friends tonight.,I'm just vibing with the squad tonight.,im just hanging out with my friends tonight,im just vibing with the squad tonight
"Hey, did you see the new movie lately?","Yo, did you catch the new flick recently?",hey did you see the new movie lately,yo did you catch the new flick recently
I'm really tired today after working all day.,"I'm lowkey beat after grinding all day, fr.",im really tired today after working all day,im lowkey beat after grinding all day fr
I'm just really tired today and I don't want to go out.,I'm mad sleepy today and I can't be bothered to step out.,im just really tired today and i dont want to go out,im mad sleepy today and i cant be bothered to step out
I'm just really tired today and don't feel like hanging out.,I'm mad tired today and not vibing to hang out.,im just really tired today and dont feel like hanging out,im mad tired today and not vibing to hang out
I'm going to grab some coffee with my friend later today.,"Yo, I'm vibing with my homie for some coffee later, fr!",im going to grab some coffee with my friend later today,yo im vibing with my homie for some coffee later fr
"Hey, I saw your message and I’ll reply later.","Yo, saw ur msg, I’ll holler back later.",hey i saw your message and i’ll reply later,yo saw ur msg i’ll holler back later
I'm going to grab some coffee with my friends today.,I'm finna slurp some coffee with my crew today.,im going to grab some coffee with my friends today,im finna slurp some coffee with my crew today
"I'm just chilling at home today, watching some movies.","I'm just vibing at home, binge-watching some flicks.",im just chilling at home today watching some movies,im just vibing at home bingewatching some flicks
I'm just trying to finish my homework before dinner.,"I'm just tryna wrap up my homework before dinner, no cap.",im just trying to finish my homework before dinner,im just tryna wrap up my homework before dinner no cap
I'm heading to the mall to hang out with my friends.,I'm gonna slide to the mall to chill with my peeps.,im heading to the mall to hang out with my friends,im gonna slide to the mall to chill with my peeps
I just bought a new pair of sneakers for school.,I just copped fresh kicks for class. 😎,i just bought a new pair of sneakers for school,i just copped fresh kicks for class 😎
I'm just going to chill and watch some Netflix tonight.,I'm just gonna vibe and binge some Netflix tonight.,im just going to chill and watch some netflix tonight,im just gonna vibe and binge some netflix tonight
Did you see the new movie that just came out?,"Yo, did you peep the new flick that just dropped?",did you see the new movie that just came out,yo did you peep the new flick that just dropped
"Hey, could you send me the notes from yesterday’s meeting?","Yo, can you send me the deets from yesterday’s meet? Thanks fam!",hey could you send me the notes from yesterday’s meeting,yo can you send me the deets from yesterday’s meet thanks fam
"Hey, I just got back from the store and I found some really cool sneakers.","Yo, just hit the store and scored some sick kicks!",hey i just got back from the store and i found some really cool sneakers,yo just hit the store and scored some sick kicks
"Hey, did you see that new movie everyone's talking about?","Yo, did you peep that new flick everyone's hyped about?",hey did you see that new movie everyones talking about,yo did you peep that new flick everyones hyped about
I'm just really tired today because I didn't get enough sleep.,I'm mad tired today ’cause I didn’t catch enough Z’s.,im just really tired today because i didnt get enough sleep,im mad tired today ’cause i didn’t catch enough z’s
"It's really hot outside today, so I think I'll stay indoors.","It's mad hot out today, so I’m just chillin' inside.",its really hot outside today so i think ill stay indoors,its mad hot out today so i’m just chillin inside
"Hey, do you want to grab a coffee later?","Yo, wanna catch a coffee later?",hey do you want to grab a coffee later,yo wanna catch a coffee later
I'm just feeling a bit tired today.,I'm kind of vibing with that sleepy energy today.,im just feeling a bit tired today,im kind of vibing with that sleepy energy today
"Hey, did you see that new movie last night? It was really good.","Yo, did you peep that lit new flick last night? It was fire.",hey did you see that new movie last night it was really good,yo did you peep that lit new flick last night it was fire
I'm really tired because I stayed up late studying last night.,I'm so drained 'cause I pulled an all-nighter cramming last night.,im really tired because i stayed up late studying last night,im so drained cause i pulled an allnighter cramming last night
I'm really excited about the weekend plans with my friends.,I'm super hyped for the weekend squad hangout!,im really excited about the weekend plans with my friends,im super hyped for the weekend squad hangout
"Hey, I just finished my homework and I'm so relieved.","Yo, I just knocked out my homework and I'm so chill now.",hey i just finished my homework and im so relieved,yo i just knocked out my homework and im so chill now
"Hey, do you want to grab some coffee together later?","Yo, wanna vibe and get some coffee later?",hey do you want to grab some coffee together later,yo wanna vibe and get some coffee later
"I'm really tired today, I think I need some coffee.","I'm dead tired today, need some coffee to stay woke.",im really tired today i think i need some coffee,im dead tired today need some coffee to stay woke
I'm just really tired today and I don't want to do anything.,"I'm so drained today, I’m just vibing to chill and do nada.",im just really tired today and i dont want to do anything,im so drained today i’m just vibing to chill and do nada
"Hey, do you want to grab coffee after school?","Yo, wanna hit up some coffee after class?",hey do you want to grab coffee after school,yo wanna hit up some coffee after class
I'm thinking about grabbing a coffee and then hanging out with some friends.,"I'm contemplating a coffee run and bouncing with my friends afterward, no cap.",im thinking about grabbing a coffee and then hanging out with some friends,im contemplating a coffee run and bouncing with my friends afterward no cap
I'm just going to relax at home and watch some shows tonight.,I'm just finna chill at my place and binge some shows tonight.,im just going to relax at home and watch some shows tonight,im just finna chill at my place and binge some shows tonight
"I'm just really tired today, so I'm probably not going to go to the party.","I'm super drained today, so I’m prolly gonna dip on the party.",im just really tired today so im probably not going to go to the party,im super drained today so i’m prolly gonna dip on the party
"I'm really tired today, so I might just stay in and relax.","I'm so drained today, might just chill at home and vibe.",im really tired today so i might just stay in and relax,im so drained today might just chill at home and vibe
I'm just walking to the store to buy some snacks.,I'm just hoofing it to the snack spot to grab some munchies.,im just walking to the store to buy some snacks,im just hoofing it to the snack spot to grab some munchies
I'm feeling really tired today.,"I'm so drained today, fr fr.",im feeling really tired today,im so drained today fr fr
"Hey, want to grab lunch together later?","Yo, wanna catch some lunch later?",hey want to grab lunch together later,yo wanna catch some lunch later
I'm really excited to hang out with my friends tomorrow.,I'm super hyped to chill with my squad tomorrow.,im really excited to hang out with my friends tomorrow,im super hyped to chill with my squad tomorrow
"Hey, I really like your new haircut!","Yo, your new drip slaps!",hey i really like your new haircut,yo your new drip slaps
I'm just really tired today because I stayed up late last night.,I'm mad tired today 'cause I lowkey stayed up all night.,im just really tired today because i stayed up late last night,im mad tired today cause i lowkey stayed up all night
"Hey, do you want to grab lunch together today?","Yo, wanna slide out for some lunch today?",hey do you want to grab lunch together today,yo wanna slide out for some lunch today
I'm just going to grab some coffee and then head to the store.,I'm just gonna snag some coffee and then bounce to the store.,im just going to grab some coffee and then head to the store,im just gonna snag some coffee and then bounce to the store
"I'm really tired today, so I'm just going to relax at home.","I'm totally wiped today, so I'm just gonna chill at home.",im really tired today so im just going to relax at home,im totally wiped today so im just gonna chill at home
"Hey, do you want to hang out later after school?","Yo, wanna kick it after class?",hey do you want to hang out later after school,yo wanna kick it after class
"Hey, I think we should grab some coffee later.","Yo, let’s snag some coffee later, fam.",hey i think we should grab some coffee later,yo let’s snag some coffee later fam
I'm just going to grab a snack before I start my homework.,I'm just vibing with a snack before diving into my homework mix.,im just going to grab a snack before i start my homework,im just vibing with a snack before diving into my homework mix
I'm feeling pretty tired today because I didn't sleep well.,I'm mad dead tired today 'cause I napped like no cap.,im feeling pretty tired today because i didnt sleep well,im mad dead tired today cause i napped like no cap
I'm really tired today because I didn't sleep well.,"I'm so drained today, barely slept tbh.",im really tired today because i didnt sleep well,im so drained today barely slept tbh
"Hey, I'm going to grab some coffee before class.","Yo, I'm about to snag some brew before class kicks off.",hey im going to grab some coffee before class,yo im about to snag some brew before class kicks off
I'm exhausted after a long day at work.,I'm totally wiped after a long day grind.,im exhausted after a long day at work,im totally wiped after a long day grind
I'm really tired after the long day at school.,I'm absolutely drained after that long school grind.,im really tired after the long day at school,im absolutely drained after that long school grind
"Hey, do you want to go grab some coffee after work?","Yo, wanna hit up coffee after work? ✨",hey do you want to go grab some coffee after work,yo wanna hit up coffee after work ✨
I'm really happy because I got a new phone yesterday.,I'm vibing 'cause I peeped a fresh new phone yesterday.,im really happy because i got a new phone yesterday,im vibing cause i peeped a fresh new phone yesterday
I'm really tired today because I stayed up late studying.,I'm mad tired today 'cause I pulled an all-nighter hitting the books.,im really tired today because i stayed up late studying,im mad tired today cause i pulled an allnighter hitting the books
I'm just going to chill at home tonight.,I'm just maxing at home tonight.,im just going to chill at home tonight,im just maxing at home tonight
I'm just relaxing at home after a busy day.,I'm just vibing at home after a super hectic day.,im just relaxing at home after a busy day,im just vibing at home after a super hectic day
I'm just going to grab some lunch before heading to work.,"Pulling a quick snack run before I dip to work, fr fr.",im just going to grab some lunch before heading to work,pulling a quick snack run before i dip to work fr fr
I'm just trying to relax and hang out with friends tonight.,I'm just tryna chill and vibe with my crew tonight.,im just trying to relax and hang out with friends tonight,im just tryna chill and vibe with my crew tonight
I just bought a new hoodie and I love how cozy it feels.,"Just copped a fresh hoodie and it's mad comfy, no cap!",i just bought a new hoodie and i love how cozy it feels,just copped a fresh hoodie and its mad comfy no cap
I'm feeling really tired today and just want to relax.,I'm dead tired today and just wanna chill out.,im feeling really tired today and just want to relax,im dead tired today and just wanna chill out
I'm going to the supermarket to buy some snacks.,I'm heckin' slide to the store to grab some munchies.,im going to the supermarket to buy some snacks,im heckin slide to the store to grab some munchies
I'm just going to grab some coffee before we head out.,Gonna snag some coffee real quick before we dip out.,im just going to grab some coffee before we head out,gonna snag some coffee real quick before we dip out
I'm really tired today but I still have a lot of work to do.,I'm hella tired today but still gotta grind through my tasks.,im really tired today but i still have a lot of work to do,im hella tired today but still gotta grind through my tasks
I'm really tired because I stayed up late watching videos.,I'm mad tired 'cause I was up all night binge-watching vids.,im really tired because i stayed up late watching videos,im mad tired cause i was up all night bingewatching vids
I'm just going to chill at home this weekend.,I'm just gonna vibe at home this weekend.,im just going to chill at home this weekend,im just gonna vibe at home this weekend
I'm planning to chill with my friends this weekend.,"I'm just gonna bloque with my squad this weekend, no cap.",im planning to chill with my friends this weekend,im just gonna bloque with my squad this weekend no cap
I'm just going to grab some coffee before I start working on my project.,"I'm just finna catch some coffee before I grind on my project, no cap.",im just going to grab some coffee before i start working on my project,im just finna catch some coffee before i grind on my project no cap
I'm just chilling at home and watching some movies.,"Just vibing at home, Netflix and chillin' all day. ",im just chilling at home and watching some movies,just vibing at home netflix and chillin all day
I'm just trying to finish my homework before I go out with my friends.,I'm just tryna wrap up my homework before I dip with my squad.,im just trying to finish my homework before i go out with my friends,im just tryna wrap up my homework before i dip with my squad
I'm going to hang out with my friends tomorrow.,"I'm chillin' with my crew tomorrow, no cap.",im going to hang out with my friends tomorrow,im chillin with my crew tomorrow no cap
"Hey, I just got back from shopping and found some really cool shoes.","Yo, just hit the mall and scored some sick kicks!",hey i just got back from shopping and found some really cool shoes,yo just hit the mall and scored some sick kicks
"Hey, do you want to catch a movie tonight?","Yo, wanna flex and hit up a flick tonight?",hey do you want to catch a movie tonight,yo wanna flex and hit up a flick tonight
I’m just chilling at home and watching some videos.,"I’m just vibing at home, scrolling through vids.",i’m just chilling at home and watching some videos,i’m just vibing at home scrolling through vids
"Hey, do you want to meet up later to hang out?","Yo, you tryna link up later to vibe?",hey do you want to meet up later to hang out,yo you tryna link up later to vibe
"Hey, are you free to hang out tonight?","Yo, you down to chill tonight?",hey are you free to hang out tonight,yo you down to chill tonight
I'm really tired today and I just want to relax.,"I'm so wiped today, just tryna chill and vibe.",im really tired today and i just want to relax,im so wiped today just tryna chill and vibe
"Hey, did you watch the new movie last night?","Yo, did y'all catch the new flick last night?",hey did you watch the new movie last night,yo did yall catch the new flick last night
"I really like your new backpack, it looks great!","Your new backpack's totally vibing, looks sick!",i really like your new backpack it looks great,your new backpacks totally vibing looks sick
I'm going to grab some coffee with my friends after work.,"I'm slide into some coffee with my crew after work, no cap!",im going to grab some coffee with my friends after work,im slide into some coffee with my crew after work no cap
"Hey, I just saw a really cool video online.","Yo, just peeped a sick vid online!",hey i just saw a really cool video online,yo just peeped a sick vid online
I'm just chilling at home and watching some shows.,"I'm just vibin' at home, binge-watching some shows.",im just chilling at home and watching some shows,im just vibin at home bingewatching some shows
"Hey, I'm just going to grab some food before I head out.","Yo, I'm finna snag some grub before I bounce.",hey im just going to grab some food before i head out,yo im finna snag some grub before i bounce
I'm just chilling at home and scrolling through my phone.,I'm just vibing at home and scrolling my feed.,im just chilling at home and scrolling through my phone,im just vibing at home and scrolling my feed
I'm going to grab some food before I go out with my friends.,I'm about to snag some eats before I dip with the crew.,im going to grab some food before i go out with my friends,im about to snag some eats before i dip with the crew
I'm really tired today because I didn’t get much sleep last night.,I'm totally wiped today ’cause I didn’t catch enough Z’s last night.,im really tired today because i didn’t get much sleep last night,im totally wiped today ’cause i didn’t catch enough z’s last night
"Hey, do you want to grab a snack after school?","Yo, you tryna hit up for snacks after class?",hey do you want to grab a snack after school,yo you tryna hit up for snacks after class
I'm really tired today because I didn't get much sleep last night.,"I'm so dead today 'cause I got no sleep last night, fr.",im really tired today because i didnt get much sleep last night,im so dead today cause i got no sleep last night fr
I'm going out with my friends tonight.,Chillin' with my squad tonight.,im going out with my friends tonight,chillin with my squad tonight
I'm going to grab some lunch with my friends later.,I'm chillin' with my crew for some grub later.,im going to grab some lunch with my friends later,im chillin with my crew for some grub later
"Hey, do you want to go get some coffee later?","Yo, wanna hit up some coffee later?",hey do you want to go get some coffee later,yo wanna hit up some coffee later
"I'm really tired after the long day, so I think I'll just relax at home.","I'm hella wiped from today, so I'm just gonna chill at home.",im really tired after the long day so i think ill just relax at home,im hella wiped from today so im just gonna chill at home
I'm just going to relax at home and listen to some music.,"Chillin' at home, vibing to some tunes, no cap.",im just going to relax at home and listen to some music,chillin at home vibing to some tunes no cap
I'm just really tired after a long day at work.,I'm totally drained after a long day at the grind.,im just really tired after a long day at work,im totally drained after a long day at the grind
"Hey, I just finished my homework and I'm feeling pretty good.","Yo, just crushed my homework and I'm vibing pretty hard.",hey i just finished my homework and im feeling pretty good,yo just crushed my homework and im vibing pretty hard
I'm going to hang out with my friends at the park later.,"I'm vibing with my crew at the park later, fr.!",im going to hang out with my friends at the park later,im vibing with my crew at the park later fr
I'm just chilling with my friends at the park.,I'm just vibing with my crew at the park.,im just chilling with my friends at the park,im just vibing with my crew at the park
I'm really excited for the movie tonight!,I'm totally hyped for the movie tonight!,im really excited for the movie tonight,im totally hyped for the movie tonight
I'm just relaxing at home and watching some Netflix.,"I'm just chillin' at home and binging some Netflix, no cap.",im just relaxing at home and watching some netflix,im just chillin at home and binging some netflix no cap
I'm just going to relax and watch a movie tonight.,I'm just chillin' and gonna Netflix and chill tonight.,im just going to relax and watch a movie tonight,im just chillin and gonna netflix and chill tonight
I'm heading to the mall to grab some snacks with my friends.,I'm finna hit the mall with my crew to snag some snacks.,im heading to the mall to grab some snacks with my friends,im finna hit the mall with my crew to snag some snacks
I'm just relaxing at home and watching some TV.,"I'm chillin' at my place, vibing with some shows.",im just relaxing at home and watching some tv,im chillin at my place vibing with some shows
"Hey, I just finished my homework and I’m about to relax for a bit.","Yo, just crushed my homework and now I’m chillin’ for a sec.",hey i just finished my homework and i’m about to relax for a bit,yo just crushed my homework and now i’m chillin’ for a sec
"Hey, I just finished my homework and I'm so ready to chill now.","Yo, just wrapped my homework and I'm vibing to relax now.",hey i just finished my homework and im so ready to chill now,yo just wrapped my homework and im vibing to relax now
I'm just really tired today after a long day at work.,"I'm completely wiped after a crazy long day at work, fr.",im just really tired today after a long day at work,im completely wiped after a crazy long day at work fr
I just finished my homework and I'm so tired.,"Just wrapped up my homework and I'm totally drained, fr.",i just finished my homework and im so tired,just wrapped up my homework and im totally drained fr
"Hey, I'm feeling a bit tired today.","Yo, I'm kinda vibing low today.",hey im feeling a bit tired today,yo im kinda vibing low today
"Hey, can you help me with my homework?","Yo, can you peep my homework real quick?",hey can you help me with my homework,yo can you peep my homework real quick
"Hey, I'm really tired today and just want to relax at home.","Yo, I'm dead tired today, just tryna chill at home and veg out.",hey im really tired today and just want to relax at home,yo im dead tired today just tryna chill at home and veg out
I'm just going to relax at home and watch some movies.,"I'm just chillin' at home and streaming some flicks, fr.",im just going to relax at home and watch some movies,im just chillin at home and streaming some flicks fr
I'm feeling really tired today because I didn't sleep well.,I'm mad tired today 'cause I slept like zero.,im feeling really tired today because i didnt sleep well,im mad tired today cause i slept like zero
"Hey, are you free to grab coffee later?","Yo, are you down to grab some coffee later?",hey are you free to grab coffee later,yo are you down to grab some coffee later
I'm meeting my friends at the cafe later today.,"Yo, I'm linking up with my squad at the cafe later, no cap!",im meeting my friends at the cafe later today,yo im linking up with my squad at the cafe later no cap
I'm feeling really tired after a long day at work.,"I'm totally drained after a long day at work, fr.",im feeling really tired after a long day at work,im totally drained after a long day at work fr
It's really hot outside today.,"Yo, it's mad hot out today.",its really hot outside today,yo its mad hot out today
"Hey, do you want to grab lunch together later?","Yo, wanna bounce and get some grub later?",hey do you want to grab lunch together later,yo wanna bounce and get some grub later
I'm going to grab some coffee with my friend later.,"I'm finna hit up my homie for some coffee later, fr fr.",im going to grab some coffee with my friend later,im finna hit up my homie for some coffee later fr fr
"Hey, did you watch the new episode of that show last night?","Yo, did you peep the new episode of that show last night?",hey did you watch the new episode of that show last night,yo did you peep the new episode of that show last night
"Wow, that concert was really fun yesterday!","Yo, that show was straight fire yesterday!",wow that concert was really fun yesterday,yo that show was straight fire yesterday
I'm really tired today because I stayed up way too late last night.,"I'm totally drained today ’cause I was up all night yesterday, no cap.",im really tired today because i stayed up way too late last night,im totally drained today ’cause i was up all night yesterday no cap
I'm feeling really tired today and just want to stay home.,I'm hella exhausted today and just wanna chill at home.,im feeling really tired today and just want to stay home,im hella exhausted today and just wanna chill at home
"Hey, do you want to hang out later?","Yo, you tryna chill later?",hey do you want to hang out later,yo you tryna chill later
"Hey, do you want to grab a quick coffee later?","Yo, wanna snag a quick coffee l8r?",hey do you want to grab a quick coffee later,yo wanna snag a quick coffee l8r
I'm just so tired after a long day at work.,"I'm straight up drained after a crazy long day at work, no cap.",im just so tired after a long day at work,im straight up drained after a crazy long day at work no cap
I'm just really tired after a long day at school.,"I'm so drained after a whole day of classes, fr.",im just really tired after a long day at school,im so drained after a whole day of classes fr
I'm just going to relax and watch some TikTok videos.,"I'm just gon' chill and binge some TikTok, fr fr.",im just going to relax and watch some tiktok videos,im just gon chill and binge some tiktok fr fr
"Hey, I'm just chilling at home and watching some movies.","Yo, I'm just vibing at home and streaming some flicks.",hey im just chilling at home and watching some movies,yo im just vibing at home and streaming some flicks
"Hey, I just finished my homework and I'm ready to relax now.","Yo, just crushed my homework, now I'm chillin' like a villain.",hey i just finished my homework and im ready to relax now,yo just crushed my homework now im chillin like a villain
"Hey, did you hear about the new music app that just came out?","Yo, did y'all peep the new music app that dropped?",hey did you hear about the new music app that just came out,yo did yall peep the new music app that dropped
I'm going to grab some coffee before heading to class.,I'm about to snag some coffee before I dip to class.,im going to grab some coffee before heading to class,im about to snag some coffee before i dip to class
I'm just going for a walk in the park to relax.,I'm just vibing with a walk in the park to chill.,im just going for a walk in the park to relax,im just vibing with a walk in the park to chill
"Hey, I just saw a really cool movie last night.","Yo, I peeped a lit flick last night!",hey i just saw a really cool movie last night,yo i peeped a lit flick last night
"Hey, I saw your message and I want to hang out later.","Yo, saw your text and I'm down to chill later, fr!",hey i saw your message and i want to hang out later,yo saw your text and im down to chill later fr
"Hey, I just finished my homework and I'm thinking of hanging out with some friends later.","Yo, just wrapped my homework and might chill with the squad later.",hey i just finished my homework and im thinking of hanging out with some friends later,yo just wrapped my homework and might chill with the squad later
I'm just chilling at home watching some shows.,"I'm just vibing at home, binge-watching some stuff.",im just chilling at home watching some shows,im just vibing at home bingewatching some stuff
"Hey, I'm going to grab some coffee before work.","Yo, I'm about to hit up Starbucks before work, fr.",hey im going to grab some coffee before work,yo im about to hit up starbucks before work fr
I'm feeling pretty tired today because I didn't get enough sleep.,"I'm dead tired today 'cause I barely slept, fr fr.",im feeling pretty tired today because i didnt get enough sleep,im dead tired today cause i barely slept fr fr
I'm going to the grocery store to buy some snacks.,"I'm_heading to the store to snag some snacks, fr fr.",im going to the grocery store to buy some snacks,imheading to the store to snag some snacks fr fr
I'm just going to chill at home and watch some TV.,I'm just gonna vibe at home and binge some shows.,im just going to chill at home and watch some tv,im just gonna vibe at home and binge some shows
I'm really excited because my favorite band is coming to town this weekend.,I'm super hyped 'cause my fave band is hitting the city this weekend!,im really excited because my favorite band is coming to town this weekend,im super hyped cause my fave band is hitting the city this weekend
"Hey, are you free to hang out later?","Yo, you down to chill later?",hey are you free to hang out later,yo you down to chill later
I'm just relaxing at home and binge-watching my favorite series.,"Chillin' at my place, bingeing my fave series, no cap.",im just relaxing at home and bingewatching my favorite series,chillin at my place bingeing my fave series no cap
I'm just grabbing a quick coffee before heading to work.,I'm just diying with a quick brew before bouncing to work.,im just grabbing a quick coffee before heading to work,im just diying with a quick brew before bouncing to work
"Hey, I’m really tired today, I think I’ll just stay home and relax.","Yo, I’m hella drained today, gonna just chill at home and vibe.",hey i’m really tired today i think i’ll just stay home and relax,yo i’m hella drained today gonna just chill at home and vibe
I'm really tired today because I stayed up late watching videos.,I'm super dead today 'cause I pulled an all-nighter binge-watching vids.,im really tired today because i stayed up late watching videos,im super dead today cause i pulled an allnighter bingewatching vids
"Hey, I think I forgot my homework at home today.","Yo, I totally left my homework at the crib today.",hey i think i forgot my homework at home today,yo i totally left my homework at the crib today
I'm just ready to relax and watch some movies tonight.,I'm just vibing to chill and binge some movies tonight.,im just ready to relax and watch some movies tonight,im just vibing to chill and binge some movies tonight
I'm just going to chill at home and watch some movies.,"I'm just gonna vibing at home, bingeing some flicks.",im just going to chill at home and watch some movies,im just gonna vibing at home bingeing some flicks
I'm just really tired today and I don't feel like going out.,"I'm totally wiped today and not tryna step out, fr.",im just really tired today and i dont feel like going out,im totally wiped today and not tryna step out fr
I'm just heading to the grocery store to pick up some stuff.,I'm just dashing to the store to grab some snacks and stuff.,im just heading to the grocery store to pick up some stuff,im just dashing to the store to grab some snacks and stuff
I can't believe how busy the city is today.,"Fr, the city is posted today, so hectic!",i cant believe how busy the city is today,fr the city is posted today so hectic
"I'm really tired after a long day, I just want to relax.","I'm so drained after today, just wanna chill and kick back.",im really tired after a long day i just want to relax,im so drained after today just wanna chill and kick back
I'm really tired today and I just want to relax at home.,"I'm so drained today, just tryna chill at my crib.",im really tired today and i just want to relax at home,im so drained today just tryna chill at my crib
I'm just heading to the grocery store to pick up some food.,I'm just vibing to the store to grab some snacks.,im just heading to the grocery store to pick up some food,im just vibing to the store to grab some snacks
I'm going to hang out with my friends at the park this afternoon.,I'm about to chill with the squad at the park later.,im going to hang out with my friends at the park this afternoon,im about to chill with the squad at the park later
I'm just going to grab some coffee before I head to class.,I'm just gonna snag some coffee before I bounce to class.,im just going to grab some coffee before i head to class,im just gonna snag some coffee before i bounce to class
"I'm really tired today, so I think I’ll just relax at home.","I'm super wiped today, so I’m just chillin' at home.",im really tired today so i think i’ll just relax at home,im super wiped today so i’m just chillin at home
I'm just asking if you want to hang out later.,"Yo, you down to chill later or what?",im just asking if you want to hang out later,yo you down to chill later or what
"I'm really tired today, I just want to relax and do nothing.","I'm so drained today, just wanna chill and do nada.",im really tired today i just want to relax and do nothing,im so drained today just wanna chill and do nada
"Hey, I'm just relaxing at home after a long day.","Yo, just chillin' at home after a long one.",hey im just relaxing at home after a long day,yo just chillin at home after a long one
I'm just really tired today and feeling lazy.,I'm lowkey exhausted today and vibing in chill mode.,im just really tired today and feeling lazy,im lowkey exhausted today and vibing in chill mode
I was just relaxing at home and watching some videos.,"I was just chillin' at home, vibing with some vids.",i was just relaxing at home and watching some videos,i was just chillin at home vibing with some vids
I was just hanging out with my friends at the cafe.,"I was just vibin' with my crew at the cafe, fr fr.",i was just hanging out with my friends at the cafe,i was just vibin with my crew at the cafe fr fr
I'm just going to hang out with friends this weekend.,I'm just vibing with my friends this weekend.,im just going to hang out with friends this weekend,im just vibing with my friends this weekend
"I'm really tired today, so I think I'll just stay in and relax.","I'm hella drained today, so I'm just gonna chill at home and vibing.",im really tired today so i think ill just stay in and relax,im hella drained today so im just gonna chill at home and vibing
"I'm really tired today, I just want to nap all afternoon.","I'm so drained today, all I wanna do is crash all arvo.",im really tired today i just want to nap all afternoon,im so drained today all i wanna do is crash all arvo
I'm pretty tired today because I didn't sleep well last night.,I'm low-key exhausted cuz I didn't catch enough Z’s last night.,im pretty tired today because i didnt sleep well last night,im lowkey exhausted cuz i didnt catch enough z’s last night
I'm just really tired today and feeling kind of down.,I'm hella dead tired today and lowkey vibing with the gloom.,im just really tired today and feeling kind of down,im hella dead tired today and lowkey vibing with the gloom
I'm really excited about hanging out with my friends this weekend.,"I'm hyped to chill with my crew this weekend, fr fr!",im really excited about hanging out with my friends this weekend,im hyped to chill with my crew this weekend fr fr
I'm just going to relax and watch some TV tonight.,I'm just vibing at home and binge-watching some shows tonight.,im just going to relax and watch some tv tonight,im just vibing at home and bingewatching some shows tonight
I just finished my homework and I'm feeling pretty tired.,Just wrapped my homework and I'm lowkey drained rn.,i just finished my homework and im feeling pretty tired,just wrapped my homework and im lowkey drained rn
I'm thinking about grabbing some coffee before heading to class.,"Yo, I'm tryna snag some coffee before I dip to class.",im thinking about grabbing some coffee before heading to class,yo im tryna snag some coffee before i dip to class
I'm just really tired and need to rest for a bit.,"I'm so drained, I gotta chill for a sec.",im just really tired and need to rest for a bit,im so drained i gotta chill for a sec
I'm just really tired today and feel like I need a coffee.,"I'm hella exhausted today, lowkey need a coffee stat.",im just really tired today and feel like i need a coffee,im hella exhausted today lowkey need a coffee stat
"Hey, I just finished my homework and I'm so tired.","Yo, just wrapped up my homework and I'm so wiped.",hey i just finished my homework and im so tired,yo just wrapped up my homework and im so wiped
I'm so tired today because I didn't get enough sleep.,I'm straight-up wiped today 'cause I didn't catch enough z's.,im so tired today because i didnt get enough sleep,im straightup wiped today cause i didnt catch enough zs
I'm feeling really tired today after working all day.,"I'm worn out after grinding all day, fr fr.",im feeling really tired today after working all day,im worn out after grinding all day fr fr
I'm grabbing a coffee with my friends this afternoon.,"I'm chugging a latte with my squad later, no cap.",im grabbing a coffee with my friends this afternoon,im chugging a latte with my squad later no cap
"Hey, are you free to hang out today?","Yo, you free to chill today?",hey are you free to hang out today,yo you free to chill today
I'm really excited about the upcoming concert this weekend.,I'm so hyped for the concert this weekend!,im really excited about the upcoming concert this weekend,im so hyped for the concert this weekend
"I'm really tired today, I just want to relax and chill out.","I'm super drained today, just wanna kick back and veg out.",im really tired today i just want to relax and chill out,im super drained today just wanna kick back and veg out
I'm just really tired today and need some coffee.,"I'm mad drained today, lowkey need my caffeine fix.",im just really tired today and need some coffee,im mad drained today lowkey need my caffeine fix
"Hey, I think I'm going to grab some coffee after work.","Yo, I’m finna copped some coffee after shift, fr.",hey i think im going to grab some coffee after work,yo i’m finna copped some coffee after shift fr
Did you finish your homework yet?,Have you peeped your homework yet?,did you finish your homework yet,have you peeped your homework yet
"Hey, are you going to the cafe later?","Yo, you hitting up the café later or nah?",hey are you going to the cafe later,yo you hitting up the café later or nah
"Hey, do you want to grab some lunch after school?","Yo, wanna snag some lunch after class?",hey do you want to grab some lunch after school,yo wanna snag some lunch after class
I'm really tired today but I have to finish my homework.,I'm so drained today but gotta vibe through this homework.,im really tired today but i have to finish my homework,im so drained today but gotta vibe through this homework
I'm just really tired today and not in the mood to do anything.,"I'm so drained today, not tryna do anything rn.",im just really tired today and not in the mood to do anything,im so drained today not tryna do anything rn
"Hey, I just finished my homework and I'm ready to hang out with friends.","Yo, justwrapped my homework and I'm totally down to kick it with the squad.",hey i just finished my homework and im ready to hang out with friends,yo justwrapped my homework and im totally down to kick it with the squad
I'm just feeling really tired today and don't want to go out.,"I'm hella drained today, I lowkey don't wanna step out.",im just feeling really tired today and dont want to go out,im hella drained today i lowkey dont wanna step out
"Hey, do you want to go grab some food later?","Yo, wanna yeet for some chow later? 🔥",hey do you want to go grab some food later,yo wanna yeet for some chow later 🔥
I'm just really tired after a busy day.,"I'm straight-up drained after a wild day, no cap.",im just really tired after a busy day,im straightup drained after a wild day no cap
"Hey, did you see that new movie everyone’s talking about?","Yo, did you peep that new flick everyone's vibing about?",hey did you see that new movie everyone’s talking about,yo did you peep that new flick everyones vibing about
"Hey, I just finished my homework and I'm going to relax for a bit.","Yo, just knocked out my homework, now I’m vibing and chillin’ for a bit.",hey i just finished my homework and im going to relax for a bit,yo just knocked out my homework now i’m vibing and chillin’ for a bit
I'm going to grab some food before I head out.,I'm finna snag some grub before I dip out.,im going to grab some food before i head out,im finna snag some grub before i dip out
"Hey, I saw her at the mall earlier today.","Yo, I peeped her at the mall earlier today.",hey i saw her at the mall earlier today,yo i peeped her at the mall earlier today
I'm just going to relax at home and watch some movies today.,I'm just chillin' at home and binge-watching some flicks today.,im just going to relax at home and watch some movies today,im just chillin at home and bingewatching some flicks today
"I'm really tired today, I just want to relax and watch some movies.","I'm suuuper exhausted today, just tryna chill and binge some movies, fr fr.",im really tired today i just want to relax and watch some movies,im suuuper exhausted today just tryna chill and binge some movies fr fr
I really like that new song you recommended to me.,"That new bop you dropped on me is lowkey fire, I’m obsessed!",i really like that new song you recommended to me,that new bop you dropped on me is lowkey fire i’m obsessed
I'm going to grab some coffee before I head to class.,I'm finna sip some coffee before I dip to class.,im going to grab some coffee before i head to class,im finna sip some coffee before i dip to class
I'm feeling really tired today and just want to chill at home.,"I'm straight-up drained today, just tryna Netflix and veg at home, no cap.",im feeling really tired today and just want to chill at home,im straightup drained today just tryna netflix and veg at home no cap
I'm going to grab some coffee after work.,"I'm finna snag some coffee after shift, fr.",im going to grab some coffee after work,im finna snag some coffee after shift fr
I'm just excited to hang out with my friends today.,I'm so hyped to chill with my squad today.,im just excited to hang out with my friends today,im so hyped to chill with my squad today
"I'm really tired today, I just want to relax.","I'm super wiped today, just tryna chill.",im really tired today i just want to relax,im super wiped today just tryna chill
I'm just going to grab some coffee and relax at home.,I'm just finna get some coffee and chill at home.,im just going to grab some coffee and relax at home,im just finna get some coffee and chill at home
I'm going to hang out with my friends at the park today.,I'm finna chill with my squad at the park today.,im going to hang out with my friends at the park today,im finna chill with my squad at the park today
I'm going to grab some food with my friends later.,"I'mma hit up my friends for some grub later, fr.",im going to grab some food with my friends later,imma hit up my friends for some grub later fr
"Hey, I just got done with my homework and I’m feeling pretty good.","Yo, I just finished my homework and I’m vibing hard.",hey i just got done with my homework and i’m feeling pretty good,yo i just finished my homework and i’m vibing hard
I'm just feeling pretty tired today.,I'm vibing kinda exhausted today.,im just feeling pretty tired today,im vibing kinda exhausted today
I just got home from school and I'm really tired.,Just slid back home from school and I'm dead exhausted.,i just got home from school and im really tired,just slid back home from school and im dead exhausted
I'm feeling really tired today after staying up late last night.,I'm totally drained today 'cause I stayed up way too late last night.,im feeling really tired today after staying up late last night,im totally drained today cause i stayed up way too late last night
I'm really excited about the concert this weekend.,I'm super hyped for the concert this weekend.,im really excited about the concert this weekend,im super hyped for the concert this weekend
"Hey, did you finish your homework already?","Yo, did you peep your homework yet or nah?",hey did you finish your homework already,yo did you peep your homework yet or nah
I'm really excited to hang out with my friends later.,"I'm mega hyped to chill with my squad later, fr fr!",im really excited to hang out with my friends later,im mega hyped to chill with my squad later fr fr
I'm really tired after all that studying.,"I'm completely wiped after all that cram, fr.",im really tired after all that studying,im completely wiped after all that cram fr
"I'm really tired after a long day, so I'm just going to relax at home.","I'm super wiped from the day, so I'm just chillin' at home.",im really tired after a long day so im just going to relax at home,im super wiped from the day so im just chillin at home
That new song is really good!,That new bop is straight fire!,that new song is really good,that new bop is straight fire
"Hey, that movie was really good!","Yo, that flick was straight fire!",hey that movie was really good,yo that flick was straight fire
It's really nice to see you today.,It's mad chill to catch you today.,its really nice to see you today,its mad chill to catch you today
I'm just going to chill at home and watch some TV tonight.,I'm just gonna vibe at home and binge some shows tonight. They’re gonna be lit!,im just going to chill at home and watch some tv tonight,im just gonna vibe at home and binge some shows tonight they’re gonna be lit
"Hey, do you want to hang out with me this afternoon?","Yo, wanna vibe with me later today?",hey do you want to hang out with me this afternoon,yo wanna vibe with me later today
I'm just going to stay home and relax tonight.,"I'm just vibing at home tonight, no cap.",im just going to stay home and relax tonight,im just vibing at home tonight no cap
I'm going to grab some coffee before heading to the mall.,I'm finna snag some coffee before hitting the mall.,im going to grab some coffee before heading to the mall,im finna snag some coffee before hitting the mall
I'm just relaxing and watching some TV after a busy day.,I'm just chillin' and vibing with some shows after a hectic day.,im just relaxing and watching some tv after a busy day,im just chillin and vibing with some shows after a hectic day
"Hey, I really like that new song you played earlier.","Yo, that new track you dropped earlier is fire, no cap!",hey i really like that new song you played earlier,yo that new track you dropped earlier is fire no cap
I'm really excited to hang out with my friends tonight.,I'm super hyped to chill with my squad tonight!,im really excited to hang out with my friends tonight,im super hyped to chill with my squad tonight
"Hey, do you want to hang out at the mall today?","Yo, you down to vibe at the mall today?",hey do you want to hang out at the mall today,yo you down to vibe at the mall today
"I'm really tired after working all day, so I just want to relax now.","I'm super drained after grinding all day, just tryna chill now.",im really tired after working all day so i just want to relax now,im super drained after grinding all day just tryna chill now
"Hey, did you see the new poster in the hallway?","Yo, peep the fresh poster in the hall, did ya spot it?",hey did you see the new poster in the hallway,yo peep the fresh poster in the hall did ya spot it
I'm going to grab some coffee at the café.,"I'm about to hit up the coffee shop, fr fr.",im going to grab some coffee at the café,im about to hit up the coffee shop fr fr
"Hey, are you coming to the party tonight?","Yo, you sliding to the party tonight?",hey are you coming to the party tonight,yo you sliding to the party tonight
Let's hang out at the mall this afternoon.,"Yo, let's vibe at the mall later!",lets hang out at the mall this afternoon,yo lets vibe at the mall later
I'm just hanging out with my friends this afternoon.,I'm just vibing with my crew this arvo.,im just hanging out with my friends this afternoon,im just vibing with my crew this arvo
"Hey, do you want to hang out at the mall later?","Yo, you tryna slide to the mall later?",hey do you want to hang out at the mall later,yo you tryna slide to the mall later
I'm really tired after a long day and just want to relax.,I'm totally drained after a long day and just wanna chill.,im really tired after a long day and just want to relax,im totally drained after a long day and just wanna chill
I'm just going to relax at home and watch some Netflix tonight.,I'm just chillin' at home and vibing with some Netflix tonight.,im just going to relax at home and watch some netflix tonight,im just chillin at home and vibing with some netflix tonight
"Hey, I'm really tired today, so I think I'll just stay home and relax.","Yo, I'm hella drained today, so I'm just gonna chill at home and vibe.",hey im really tired today so i think ill just stay home and relax,yo im hella drained today so im just gonna chill at home and vibe
"Hey, do you want to hang out tomorrow?","Yo, you down to vibe tomorrow?",hey do you want to hang out tomorrow,yo you down to vibe tomorrow
"Hey, do you want to hang out today?","Yo, wanna chill today? 💥",hey do you want to hang out today,yo wanna chill today 💥
I'm just really tired today and feeling pretty unmotivated.,I'm super drained today and totally lowkey not feeling it.,im just really tired today and feeling pretty unmotivated,im super drained today and totally lowkey not feeling it
I'm just feeling a little tired after a long day at work.,I'm kinda wiped after a long day at the grind.,im just feeling a little tired after a long day at work,im kinda wiped after a long day at the grind
I'm really tired today after staying up all night studying.,I'm hella exhausted today 'cause I pulled an all-nighter studiyng. ,im really tired today after staying up all night studying,im hella exhausted today cause i pulled an allnighter studiyng
"Hey, I just got back from shopping and found some really cool clothes.","Yo, just hit the mall and scored some dope fits!",hey i just got back from shopping and found some really cool clothes,yo just hit the mall and scored some dope fits
I'm just trying to get some sleep before my exam tomorrow.,I'm just tryna catch some Z's before my test tomorrow.,im just trying to get some sleep before my exam tomorrow,im just tryna catch some zs before my test tomorrow
I'm really happy that I finally finished my homework.,"I'm stoked I finally knocked out my homework, fr fr!",im really happy that i finally finished my homework,im stoked i finally knocked out my homework fr fr
"Hey, did you see the new movie that everyone is talking about?","Yo, did you peep that new flick everyone’s lowkey vibing with?",hey did you see the new movie that everyone is talking about,yo did you peep that new flick everyone’s lowkey vibing with
"I'm just chillin' at home, watching some TV.","Just vibin' at home, Netflix and chillin'.",im just chillin at home watching some tv,just vibin at home netflix and chillin
"Hey, I'm just going to grab a coffee before work.","Yo, I'm just pulling a quick coffee before I bounce to work.",hey im just going to grab a coffee before work,yo im just pulling a quick coffee before i bounce to work
I'm really tired after walking around the mall all afternoon.,"I'm so drained 'cause I spent the whole day roaming the mall, lol.",im really tired after walking around the mall all afternoon,im so drained cause i spent the whole day roaming the mall lol
I'm feeling really tired today.,I'm hella drained today.,im feeling really tired today,im hella drained today
I'll catch up with you later when I finish my homework.,"Yo, I’ll dip soon after I finish my hw, ttyl!",ill catch up with you later when i finish my homework,yo i’ll dip soon after i finish my hw ttyl
I'm just really tired today and want to stay home.,I'm hella beat today and just wanna chill at home.,im just really tired today and want to stay home,im hella beat today and just wanna chill at home
"Hey, do you want to go for a walk to the park?","Yo, wanna hit up the park for a stroll?",hey do you want to go for a walk to the park,yo wanna hit up the park for a stroll
I'm just going to grab a quick coffee before work.,"Gonna hit up a quick coffee run before work, fr.",im just going to grab a quick coffee before work,gonna hit up a quick coffee run before work fr
I'm really excited about the concert tonight.,I'm hyped for the concert tonight.,im really excited about the concert tonight,im hyped for the concert tonight
I'm going to grab a coffee to start my day.,"Gonna sip on some java to kick off my day, fr.",im going to grab a coffee to start my day,gonna sip on some java to kick off my day fr
I'm really tired because I didn't get enough sleep last night.,I'm dead tired 'cause I caught no Z's last night.,im really tired because i didnt get enough sleep last night,im dead tired cause i caught no zs last night
I'm just taking a walk in the park to relax.,I'm just vibing in the park to chill.,im just taking a walk in the park to relax,im just vibing in the park to chill
I'm just catching up on some shows today.,"I'm just vibing with some shows today, no cap.",im just catching up on some shows today,im just vibing with some shows today no cap
"Hey, I was just thinking about grabbing some coffee later.","Yo, I’m just vibing on the idea of grabbing some java later.",hey i was just thinking about grabbing some coffee later,yo i’m just vibing on the idea of grabbing some java later
"I'm really tired today, I didn't get much sleep last night.","I'm super drained today, barely slept last night lol.",im really tired today i didnt get much sleep last night,im super drained today barely slept last night lol
I'm just going to hang out with friends this afternoon.,"I'm just popping off with my friends later, no cap.",im just going to hang out with friends this afternoon,im just popping off with my friends later no cap
I'm just going to relax at home tonight and watch a movie.,I'm just tryna chill at home tonight and binge a flick.,im just going to relax at home tonight and watch a movie,im just tryna chill at home tonight and binge a flick
I'm really excited for the weekend plans.,"Yo, I’m sooo hyped for the weekend vibes!",im really excited for the weekend plans,yo i’m sooo hyped for the weekend vibes
I'm just waiting for my friend to arrive so we can go get some food.,Just vibing till my homie pulls up so we can hit up some grub.,im just waiting for my friend to arrive so we can go get some food,just vibing till my homie pulls up so we can hit up some grub
"Hey, I just finished my homework and I'm going to chill for a bit.","Yo, just wrapped my homework and I'm about to vibe for a sec.",hey i just finished my homework and im going to chill for a bit,yo just wrapped my homework and im about to vibe for a sec
I'm just really tired today and not feeling up to going out.,I'm lowkey drained today and not tryna pop off outside.,im just really tired today and not feeling up to going out,im lowkey drained today and not tryna pop off outside
I just finished my homework and I'm about to hang out with my friends.,Just peeped my homework done and about to click up with the crew.,i just finished my homework and im about to hang out with my friends,just peeped my homework done and about to click up with the crew
I'm just really tired today and feel like relaxing at home.,"I'm super drained today and just wanna chill at home, fr.",im just really tired today and feel like relaxing at home,im super drained today and just wanna chill at home fr
I'm feeling pretty tired today after a long week.,"I'm totally drained after a wild long week, lol.",im feeling pretty tired today after a long week,im totally drained after a wild long week lol
I'm really tired after class today.,"I'm super drained after school today, fr.",im really tired after class today,im super drained after school today fr
I'm just going to grab some coffee and then head to work.,"Chill, I'm just finna get some coffee and then slide to work.",im just going to grab some coffee and then head to work,chill im just finna get some coffee and then slide to work
"Hey, do you want to grab coffee later?","Yo, wanna toss back a coffee later?",hey do you want to grab coffee later,yo wanna toss back a coffee later
I'm feeling pretty tired today after staying up late last night.,I'm hella drained today ‘cause I stayed up all night smh.,im feeling pretty tired today after staying up late last night,im hella drained today ‘cause i stayed up all night smh
"Hey, do you want to go to the movies tonight?","Yo, wanna hit the movies tonight?",hey do you want to go to the movies tonight,yo wanna hit the movies tonight
"Hey, I just saw a really cool new movie last night.","Yo, I caught the dopest new flick last night, fr fr.",hey i just saw a really cool new movie last night,yo i caught the dopest new flick last night fr fr
"Hey, I just finished my homework and I need a break.","Yo, just wrapped my homework and I need a chill sesh.",hey i just finished my homework and i need a break,yo just wrapped my homework and i need a chill sesh
"Hey, I'm going to grab some coffee before heading to class.","Yo, I'm about to snag some ☕ before hitting up class.",hey im going to grab some coffee before heading to class,yo im about to snag some ☕ before hitting up class
I'm just really tired today and need to relax.,I'm mad chillin' today 'cause I'm hella drained and just wanna kick back.,im just really tired today and need to relax,im mad chillin today cause im hella drained and just wanna kick back
I'm just chilling at home and binge-watching my favorite show.,"I'm just vibing at home, bingeing my fave show, no cap.",im just chilling at home and bingewatching my favorite show,im just vibing at home bingeing my fave show no cap
I'm thinking about grabbing some coffee before heading out.,Lowkey tryna snag some coffee before I dip.,im thinking about grabbing some coffee before heading out,lowkey tryna snag some coffee before i dip
"I'm really tired today, so I think I'll just rest at home.","I'm dead tired today, so imma just chill at home.",im really tired today so i think ill just rest at home,im dead tired today so imma just chill at home
I'm just trying to relax and watch some movies tonight.,I'm just chillin' and binge-watching some flicks tonight.,im just trying to relax and watch some movies tonight,im just chillin and bingewatching some flicks tonight
I'm just going to grab a coffee before heading to class.,Gonna vibe with some coffee real quick before hitting up class.,im just going to grab a coffee before heading to class,gonna vibe with some coffee real quick before hitting up class
I'm just trying to finish my homework before going out with friends.,I'm just tryna wrap up my homework before vibing with friends.,im just trying to finish my homework before going out with friends,im just tryna wrap up my homework before vibing with friends
I'm just hanging out with friends at the mall today.,Just vibing with the squad at the mall today.,im just hanging out with friends at the mall today,just vibing with the squad at the mall today
How are you feeling today?,"Yo, how you vibin' today?",how are you feeling today,yo how you vibin today
I just got back from shopping and I'm exhausted.,"Just hit the mall, and I’m wiped.",i just got back from shopping and im exhausted,just hit the mall and i’m wiped
I really like hanging out with my friends after school.,"I’m vibing with my crew after school, fr.",i really like hanging out with my friends after school,i’m vibing with my crew after school fr
I'm really tired after staying up late last night.,"I'm hella drained 'cause I stayed up all night, fr fr.",im really tired after staying up late last night,im hella drained cause i stayed up all night fr fr
"Hey, did you see the new movie everyone’s talking about?","Yo, did you peep that fresh flick everyone’s buzzin' about?",hey did you see the new movie everyone’s talking about,yo did you peep that fresh flick everyone’s buzzin about
I'm just going to relax and watch some YouTube videos tonight.,"Chilling and vibing with some vids on YouTube tonight, fr.",im just going to relax and watch some youtube videos tonight,chilling and vibing with some vids on youtube tonight fr
I'm thinking about grabbing some coffee after work.,"I'm vibing with the idea of catching some coffee after work, fr.",im thinking about grabbing some coffee after work,im vibing with the idea of catching some coffee after work fr
I'm just trying to relax and watch some TV after a busy day.,I'm just chillin' and binge-watching after a mad busy day.,im just trying to relax and watch some tv after a busy day,im just chillin and bingewatching after a mad busy day
"Hey, do you want to go grab some coffee later?","Yo, ya tryna snag some coffee later?",hey do you want to go grab some coffee later,yo ya tryna snag some coffee later
I'm just really tired today and I don't feel like doing anything.,"I'm dead tired today and not tryna do anything, fr.",im just really tired today and i dont feel like doing anything,im dead tired today and not tryna do anything fr
"Hey, do you want to hang out after school today?","Yo, you tryna chill after class today?",hey do you want to hang out after school today,yo you tryna chill after class today
I’m really tired after a long day at work.,I’m so drained after a long grind today.,i’m really tired after a long day at work,i’m so drained after a long grind today
I'm really excited about the new game coming out tomorrow.,"Bro, I’m hyped for the new game dropping tomorrow!",im really excited about the new game coming out tomorrow,bro i’m hyped for the new game dropping tomorrow
I'm just really tired today and feel like staying in instead of going out.,"I'm deadass exhausted today, so I'm just chillin' at home instead of hitting the town.",im just really tired today and feel like staying in instead of going out,im deadass exhausted today so im just chillin at home instead of hitting the town
I'm just going to hang out with my friends downtown tonight.,I'm just gonna chill with my crew in the city tonight.,im just going to hang out with my friends downtown tonight,im just gonna chill with my crew in the city tonight
I'm feeling really tired after such a long day.,"I'm deadass drained after this whole day, no cap.",im feeling really tired after such a long day,im deadass drained after this whole day no cap
I'm really bored today and just want to hang out with my friends.,I'm super bored today and just wanna squad up with my friends.,im really bored today and just want to hang out with my friends,im super bored today and just wanna squad up with my friends
"I'm feeling really tired today, so I might just stay in and relax.","I'm super drained today, so I’m just gonna chill at home and vibing.",im feeling really tired today so i might just stay in and relax,im super drained today so i’m just gonna chill at home and vibing
"Hey, do you want to go out for pizza tonight?","Yo, wanna hit up some pizza tonight?",hey do you want to go out for pizza tonight,yo wanna hit up some pizza tonight
I'm really tired today because I stayed up late last night.,I'm so drained today 'cause I pulled an all-nighter last night.,im really tired today because i stayed up late last night,im so drained today cause i pulled an allnighter last night
I'm just really tired today because I didn't sleep well last night.,I'm so drained today 'cause I barely slept last night.,im just really tired today because i didnt sleep well last night,im so drained today cause i barely slept last night
I'm really excited to go to the new cafe downtown.,"I'm super hyped to hit up the new spot downtown, it's gonna be fire!",im really excited to go to the new cafe downtown,im super hyped to hit up the new spot downtown its gonna be fire
I'm really happy that you came to the party yesterday.,I'm mad hyped you pulled up to the party yesterday!,im really happy that you came to the party yesterday,im mad hyped you pulled up to the party yesterday
That movie was really interesting and funny.,That flick was mad funny and cool fr!,that movie was really interesting and funny,that flick was mad funny and cool fr
I'm just really tired today and feeling a bit down.,"I'm kinda dead today and mood's kinda off, fr.",im just really tired today and feeling a bit down,im kinda dead today and moods kinda off fr
I'm going to meet my friends at the coffee shop later.,I'm linking up with my crew at the coffee shop later.,im going to meet my friends at the coffee shop later,im linking up with my crew at the coffee shop later
"Hey, I'm going to grab some coffee. Want to join me?","Yo, I'm about to snag some coffee. You in?",hey im going to grab some coffee want to join me,yo im about to snag some coffee you in
"Hey, did you see the new movie last night? It was really good.","Yo, peep the new flick last night? It was lit.",hey did you see the new movie last night it was really good,yo peep the new flick last night it was lit
I'm just about to grab dinner with my friends.,"Gonna hit up my friends for some grub, fr fr.",im just about to grab dinner with my friends,gonna hit up my friends for some grub fr fr
"I'm really tired today, I think I need a coffee.","I'm so beat today, I need a coffee boost.",im really tired today i think i need a coffee,im so beat today i need a coffee boost
I'm just going to grab a quick snack before I start studying.,I'm just finna cop a quick snack before I hit the books.,im just going to grab a quick snack before i start studying,im just finna cop a quick snack before i hit the books
I'm really excited for the new movie tonight.,I'm super pumped for the new flick tonight!,im really excited for the new movie tonight,im super pumped for the new flick tonight
I'm really tired today and don't feel like going out.,I'm totally exhausted today and not tryna dip out.,im really tired today and dont feel like going out,im totally exhausted today and not tryna dip out
"Hey, I just finished my homework and I'm ready to relax.","Yo, just knocked out my homework, now I'm chillin' ✌️.",hey i just finished my homework and im ready to relax,yo just knocked out my homework now im chillin ✌️
"Hey, do you want to grab some pizza later?","Yo, wanna snag some pizza later?",hey do you want to grab some pizza later,yo wanna snag some pizza later
"Hey, did you see the new episode of the show last night?","Yo, did you peep the new ep of the show last night?",hey did you see the new episode of the show last night,yo did you peep the new ep of the show last night
I just finished my homework and I'm feeling pretty good about it.,"Just wrapped up my homework, and I’m vibing with how it turned out.",i just finished my homework and im feeling pretty good about it,just wrapped up my homework and i’m vibing with how it turned out
I can't believe how fun the concert was last night!,"Yo, the concert last night was straight fire!",i cant believe how fun the concert was last night,yo the concert last night was straight fire
I'm just trying to get through today without any problems.,"I'm just vibing through today, no cap, no stress.",im just trying to get through today without any problems,im just vibing through today no cap no stress
"I'm really tired today, so I just want to relax at home.","I'm totally drained today, just tryna chill at home.",im really tired today so i just want to relax at home,im totally drained today just tryna chill at home
I just finished my homework and I feel pretty tired.,"Just wrapped up my homework, and I’m totally drained, no cap.",i just finished my homework and i feel pretty tired,just wrapped up my homework and i’m totally drained no cap
I'm going to grab some coffee before class.,"I'm finna snag some java before class, fr.",im going to grab some coffee before class,im finna snag some java before class fr
I'm really tired today because I didn't get enough sleep last night.,I'm mad tired today ’cause I didn’t catch enough Z’s last night.,im really tired today because i didnt get enough sleep last night,im mad tired today ’cause i didn’t catch enough z’s last night
I'm just going to relax at home tonight.,"I'm just chillin' at home tonight, no cap.",im just going to relax at home tonight,im just chillin at home tonight no cap
"Hey, I'm really tired today because I didn't sleep well.","Yo, I'm dead tired today 'cause I got no sleep lol.",hey im really tired today because i didnt sleep well,yo im dead tired today cause i got no sleep lol
I'm really excited to see my friends this weekend.,I'm super hyped to kick it with my squad this weekend!,im really excited to see my friends this weekend,im super hyped to kick it with my squad this weekend
I'm really tired after this long day.,"I'm totally wiped after this mega long day, lol.",im really tired after this long day,im totally wiped after this mega long day lol
I'm going to grab some coffee before I head to work.,I'm about to snag some coffee before I dip to work.,im going to grab some coffee before i head to work,im about to snag some coffee before i dip to work
I just got back from shopping and I'm really tired.,"Just hit the mall and I'm completely drained, fr.",i just got back from shopping and im really tired,just hit the mall and im completely drained fr
"Hey, I just saw my friend at the mall.","Yo, just peeped my homie at the mall, fr fr!",hey i just saw my friend at the mall,yo just peeped my homie at the mall fr fr
I'm really tired because I stayed up too late last night.,I'm dead tired 'cause I was up all night scrolling.,im really tired because i stayed up too late last night,im dead tired cause i was up all night scrolling
"Hey, did you see that new movie last night?","Yo, did you catch that new flick last night?",hey did you see that new movie last night,yo did you catch that new flick last night
I'm just really tired today and I can't focus.,"I'm mad exhausted today and I can't even focus, lol.",im just really tired today and i cant focus,im mad exhausted today and i cant even focus lol
I'm just going to grab a quick snack before I start my homework.,I'm just gonna pop a snack real quick before I dive into homework.,im just going to grab a quick snack before i start my homework,im just gonna pop a snack real quick before i dive into homework
I'm planning to just chill at home this weekend.,"I'm just vibing at home all weekend, no cap.",im planning to just chill at home this weekend,im just vibing at home all weekend no cap
I'm really excited to see my friends tonight.,I'm super hyped to chill with my squad tonight.,im really excited to see my friends tonight,im super hyped to chill with my squad tonight
I'm so tired after staying up all night studying.,I'm mad zapped after pulling a midnight cram sesh.,im so tired after staying up all night studying,im mad zapped after pulling a midnight cram sesh
I'm going to grab some snacks before the movie starts.,Gonna snag some snacks before the film kicks off.,im going to grab some snacks before the movie starts,gonna snag some snacks before the film kicks off
I'm really tired after working all day and just want to relax.,"I'm so drained after grinding all day, just tryna chill now.",im really tired after working all day and just want to relax,im so drained after grinding all day just tryna chill now
"Hey, let's meet up at the cafe later and catch up.","Yo, let's slide to the café later and vibe.zz",hey lets meet up at the cafe later and catch up,yo lets slide to the café later and vibezz
I'm really tired today and just want to relax.,"I'm so drained today, just tryna chill and vibe.",im really tired today and just want to relax,im so drained today just tryna chill and vibe
"I'm really tired today, so I think I just want to stay home and relax.","I'm sooo drained today, just tryna chill at home and veg out.",im really tired today so i think i just want to stay home and relax,im sooo drained today just tryna chill at home and veg out
"I really like this new song, it’s so good!","This new jam is fire, I’m obsessed!",i really like this new song it’s so good,this new jam is fire i’m obsessed
I'm just relaxing at home and watching some videos.,I'm just vibing at home and streaming some vids.,im just relaxing at home and watching some videos,im just vibing at home and streaming some vids
I am really tired today because I didn't sleep well last night.,I'm so dead today 'cause I slept like no cap last night.,i am really tired today because i didnt sleep well last night,im so dead today cause i slept like no cap last night
"Hey, are you free to hang out this weekend?","Yo, you down to chill this weekend?",hey are you free to hang out this weekend,yo you down to chill this weekend
"Hey, do you want to grab lunch together?","Yo, wanna hit up lunch together?",hey do you want to grab lunch together,yo wanna hit up lunch together
I'm just chilling at home and watching some YouTube.,"I'm just vibing at home and binge-watching some YouTube, no cap.",im just chilling at home and watching some youtube,im just vibing at home and bingewatching some youtube no cap
"I'm really tired today, I think I just want to stay home and relax.","I'm mad tired today, just wanna chill at home and vibe out.",im really tired today i think i just want to stay home and relax,im mad tired today just wanna chill at home and vibe out
I'm just trying to relax and watch some videos tonight.,I'm just tryna chill and binge some vids tonight.,im just trying to relax and watch some videos tonight,im just tryna chill and binge some vids tonight
"Hey, are you free to hang out this afternoon?","Yo, you down to chill today?",hey are you free to hang out this afternoon,yo you down to chill today
"Hey, do you want to grab dinner tonight?","Yo, you down to hit up some dinner tonight?",hey do you want to grab dinner tonight,yo you down to hit up some dinner tonight
"Hey, are you free to hang out after school?","Yo, are you down to chill after class?",hey are you free to hang out after school,yo are you down to chill after class
I'm just really tired today and couldn't sleep well last night.,"I'm mad tired today and bopped out last night, fr.",im just really tired today and couldnt sleep well last night,im mad tired today and bopped out last night fr
I'm just trying to relax and enjoy my day.,I'm just vibing and catching good vibes today.,im just trying to relax and enjoy my day,im just vibing and catching good vibes today
I'm just really tired today and don’t feel like going out.,"I’m so drained today, I’m not tryna step out, fr.",im just really tired today and don’t feel like going out,i’m so drained today i’m not tryna step out fr
"Hey, I saw her at the mall yesterday.","Yo, I spotted her at the mall yesterday, fr fr.",hey i saw her at the mall yesterday,yo i spotted her at the mall yesterday fr fr
I'm really tired and just want to stay home today.,I'm deadass exhausted and just wanna chill at home today.,im really tired and just want to stay home today,im deadass exhausted and just wanna chill at home today
I'm just about to go get some coffee. Want to join?,"I'm finna grab some coffee, yo. You tryna slide?",im just about to go get some coffee want to join,im finna grab some coffee yo you tryna slide
I'm really tired today after studying all night.,I'm mad tired today ’cause I pulled an all-nighter studying.,im really tired today after studying all night,im mad tired today ’cause i pulled an allnighter studying
I'm just grabbing a coffee before heading to work.,Just vibing with a coffee before I bounce to work. 🚶‍♀️☕,im just grabbing a coffee before heading to work,just vibing with a coffee before i bounce to work 🚶‍♀️☕
I'm just feeling really tired today.,"I'm totally drained today, no cap.",im just feeling really tired today,im totally drained today no cap
"Hey, I just finished my homework and I’m so tired.","Yo, I just wrapped my homework and I’m hella whipped.",hey i just finished my homework and i’m so tired,yo i just wrapped my homework and i’m hella whipped
I'm really tired today so I think I want to stay home and relax.,"I'm super drained today, so I might just chill at home and vibe out.",im really tired today so i think i want to stay home and relax,im super drained today so i might just chill at home and vibe out
I'm just going to grab some food and then head to class.,"Gonna snag some grub then slide to class, fr fr.",im just going to grab some food and then head to class,gonna snag some grub then slide to class fr fr
"Hey, I just finished my homework and I'm really tired now.","Yo, I just dashed through my homework and I’m totally drained rn.",hey i just finished my homework and im really tired now,yo i just dashed through my homework and i’m totally drained rn
I'm going to grab some coffee and then meet my friends at the park.,I'm finna snag some coffee and then link up with my squad at the park.,im going to grab some coffee and then meet my friends at the park,im finna snag some coffee and then link up with my squad at the park
I really like that new song you showed me last night.,"That new banger you played last night is fire, I’m obsessed.",i really like that new song you showed me last night,that new banger you played last night is fire i’m obsessed
"Hey, I'm just chilling at home and watching some Netflix.","Hey, I’m just vibing at home and binging some Netflix.",hey im just chilling at home and watching some netflix,hey i’m just vibing at home and binging some netflix
"Hey, do you wanna hang out this weekend?","Yo, you tryna vibe this weekend?",hey do you wanna hang out this weekend,yo you tryna vibe this weekend
I'm going to grab a coffee before class.,"I'm finna peep a coffee before class, fr.",im going to grab a coffee before class,im finna peep a coffee before class fr
I'm just going to chill at home during the weekend.,"I'm just gonna hang at my place this weekend, no cap.",im just going to chill at home during the weekend,im just gonna hang at my place this weekend no cap
I'm just really tired today and feeling a bit lazy.,"Yo, I’m mad drained today and vibing with the chill mode.",im just really tired today and feeling a bit lazy,yo i’m mad drained today and vibing with the chill mode
I can’t believe I forgot my keys at home.,"No cap, I left my keys at home and just realized it now!",i can’t believe i forgot my keys at home,no cap i left my keys at home and just realized it now
I'm just going to chill at home today and watch some movies.,"I'm just vibing at home today, binge-watching some flicks.",im just going to chill at home today and watch some movies,im just vibing at home today bingewatching some flicks
I'm really tired after all that studying today.,"I'm totally drained after cramming all day, no cap.",im really tired after all that studying today,im totally drained after cramming all day no cap
I'm just here relaxing and listening to some music.,I'm just chillin' and vibin' with some tunes.,im just here relaxing and listening to some music,im just chillin and vibin with some tunes
"I'm really tired, I think I'll just stay home and relax today.","I'm dead tired, lowkey just gonna chill at home today.",im really tired i think ill just stay home and relax today,im dead tired lowkey just gonna chill at home today
I'm going to grab some lunch with my friends this afternoon.,I'm finna squad up for some lunch with my peeps later.,im going to grab some lunch with my friends this afternoon,im finna squad up for some lunch with my peeps later
"Hey, I just got back from the grocery store and I'm exhausted.","Yo, I just hit the grocery run and I'm completely drained!",hey i just got back from the grocery store and im exhausted,yo i just hit the grocery run and im completely drained
"Hey, have you seen that new movie everyone's talking about?","Yo, have you peeped that new flick everyone’s vibin' on?",hey have you seen that new movie everyones talking about,yo have you peeped that new flick everyone’s vibin on
I'm just going to grab some coffee and then go shopping.,"Just gonna snag some coffee and hit up the mall, no cap.",im just going to grab some coffee and then go shopping,just gonna snag some coffee and hit up the mall no cap
I'm just going to relax at home today.,I'm just chillin' at the crib today.,im just going to relax at home today,im just chillin at the crib today
I'm just going to chill at home this evening.,I'm just vibesing at home tonight.,im just going to chill at home this evening,im just vibesing at home tonight
I'm really tired after studying all night.,I'm hella drained 'cause I pulled an all-nighter.,im really tired after studying all night,im hella drained cause i pulled an allnighter
"Hey, I just finished my homework and I'm feeling pretty good about it.","Yo, just wrapped up my homework and vibe check is high 🆒!",hey i just finished my homework and im feeling pretty good about it,yo just wrapped up my homework and vibe check is high 🆒
I'm going to grab some coffee before heading to work.,"Gonna get some coffee before I dip to work, no cap.",im going to grab some coffee before heading to work,gonna get some coffee before i dip to work no cap
"Hey, are you coming to the party later?","Yo, ya peepin' the party tonight or what?",hey are you coming to the party later,yo ya peepin the party tonight or what
I'm so tired today because I stayed up late studying.,I'm mad drained today 'cause I pulled an all-nighter with my cram sesh.,im so tired today because i stayed up late studying,im mad drained today cause i pulled an allnighter with my cram sesh
"I'm feeling really tired today, so I think I'll stay home and relax.","I'm super drained today, so I'm just chillin' at home and vibing out.",im feeling really tired today so i think ill stay home and relax,im super drained today so im just chillin at home and vibing out
I'm really tired after a long day of work.,I'm super drained after a whole day grind.,im really tired after a long day of work,im super drained after a whole day grind
I'm thinking of grabbing some coffee before work.,"Gonna snag a coffee before clockin' in, lol.",im thinking of grabbing some coffee before work,gonna snag a coffee before clockin in lol
I'm just going to grab some food and relax at home.,I'm just finna get some grub and kick back at home.,im just going to grab some food and relax at home,im just finna get some grub and kick back at home
I'm going to hang out with my friends this afternoon.,"I'm finna chill with my squad later, no cap.",im going to hang out with my friends this afternoon,im finna chill with my squad later no cap
I just got back from hanging out with my friends at the park.,"Just dipped back from chillin' with my crew at the park, fr fr.",i just got back from hanging out with my friends at the park,just dipped back from chillin with my crew at the park fr fr
I'm so tired because I stayed up late last night.,I'm dead tired 'cause I pulled an all-nighter last night.,im so tired because i stayed up late last night,im dead tired cause i pulled an allnighter last night
I'm just tired and not in the mood to go out tonight.,I'm sooo drained and not vibing to go out tonight.,im just tired and not in the mood to go out tonight,im sooo drained and not vibing to go out tonight
I'm just going to go for a walk in the park to clear my head.,"I'm just finna take a stroll in the park to clear my mind, fr fr.",im just going to go for a walk in the park to clear my head,im just finna take a stroll in the park to clear my mind fr fr
"Hey, I just got back from the mall with my friends.","Yo, just dipped from the mall with my squad, fr fr.",hey i just got back from the mall with my friends,yo just dipped from the mall with my squad fr fr
I'm really tired right now and just want to relax at home.,I'm totally drained rn and just wanna chill at my place.,im really tired right now and just want to relax at home,im totally drained rn and just wanna chill at my place
"I'm just chilling at home, watching some TV.","I'm just vibing at home, Netflix and chillin’.",im just chilling at home watching some tv,im just vibing at home netflix and chillin’
"I'm feeling really tired today, so I think I’ll just stay home and relax.","I'm dead tired today, so I’m just gonna chill at home and vibe.",im feeling really tired today so i think i’ll just stay home and relax,im dead tired today so i’m just gonna chill at home and vibe
"I'm really tired after a long day, but I still want to hang out with my friends.","I'm mad drained after a long day, but I lowkey wanna chill with my crew.",im really tired after a long day but i still want to hang out with my friends,im mad drained after a long day but i lowkey wanna chill with my crew
I'm really tired after such a long day at work.,"I'm hella drained after grinding all day, fr.",im really tired after such a long day at work,im hella drained after grinding all day fr
I'm just really tired and don't feel like going out tonight.,"I'm totally drained and not vibing with going out tonight, fr.",im just really tired and dont feel like going out tonight,im totally drained and not vibing with going out tonight fr
"Hey, did you watch that new movie last night?","Yo, peep that new flick last night?",hey did you watch that new movie last night,yo peep that new flick last night
"Hey, do you want to hang out tonight?","Yo, wanna vibe tonight?",hey do you want to hang out tonight,yo wanna vibe tonight
Let's grab some coffee and chill at the park.,"Yo, let's get some java and vibey at the park, fr.",lets grab some coffee and chill at the park,yo lets get some java and vibey at the park fr
I'm really tired after working all day today.,"I'm so drained after grinding all day, fr.",im really tired after working all day today,im so drained after grinding all day fr
I'm just going to grab some coffee and then head to the mall.,"Yo, I'm just guding some coffee and then hitting up the mall, fr fr.",im just going to grab some coffee and then head to the mall,yo im just guding some coffee and then hitting up the mall fr fr
"Hey, I just saw that new movie everyone's talking about.","Yo, just peeped that new flick everyone's buzzing about!",hey i just saw that new movie everyones talking about,yo just peeped that new flick everyones buzzing about
I'm feeling really tired after studying all night.,I'm totally wiped after grindin’ all night on homework.,im feeling really tired after studying all night,im totally wiped after grindin’ all night on homework
"I'm really tired today, so I think I might just stay in and relax.","I'm absolutely drained today, so I’m just gonna chill at home and vibe.",im really tired today so i think i might just stay in and relax,im absolutely drained today so i’m just gonna chill at home and vibe
I'm so tired today after staying up late yesterday.,I'm dead tired today after pulling an all-nighter yesterday.,im so tired today after staying up late yesterday,im dead tired today after pulling an allnighter yesterday
I'm just taking a quick break before I get back to studying.,Just vibing for a sec before I gotta get back to grinding on homework.,im just taking a quick break before i get back to studying,just vibing for a sec before i gotta get back to grinding on homework
I'm just really tired today and want to relax at home.,I'm totally🥱 today and just wanna chill at home.,im just really tired today and want to relax at home,im totally🥱 today and just wanna chill at home
I'm going to grab some coffee with my friend this afternoon.,Gonna catch some coffee with my peep later.,im going to grab some coffee with my friend this afternoon,gonna catch some coffee with my peep later
I'm just relaxing at home and binge-watching my favorite show.,"I'm just chillin' at home, binge-watching my fave show, fr fr.",im just relaxing at home and bingewatching my favorite show,im just chillin at home bingewatching my fave show fr fr
I'm feeling really tired after this long day.,I'm hella exhausted after this whole vibe of a day.,im feeling really tired after this long day,im hella exhausted after this whole vibe of a day
I'm really excited about the party tonight!,I'm so hyped for the bash tonight!,im really excited about the party tonight,im so hyped for the bash tonight
I'm just casually hanging out with my friends at the mall.,"I'm just vibing with my crew at the mall, no cap.",im just casually hanging out with my friends at the mall,im just vibing with my crew at the mall no cap
I'm really tired after walking all day.,I'm totally wiped after vibing all day.,im really tired after walking all day,im totally wiped after vibing all day
I'm just really tired today and want to relax.,I'm totally drained today and just wanna chill.,im just really tired today and want to relax,im totally drained today and just wanna chill
"Hey, did you finish your homework last night?","Yo, did you ace your homework yesterday or nah?",hey did you finish your homework last night,yo did you ace your homework yesterday or nah
"Hey, I just got back from the store and I’m super tired.","Yo, I just dipped from the store and I’m totally wiped, fr.",hey i just got back from the store and i’m super tired,yo i just dipped from the store and i’m totally wiped fr
I'm just going to relax and watch some shows tonight.,"I'm vibing at home, binge-watching some shows tonight.",im just going to relax and watch some shows tonight,im vibing at home bingewatching some shows tonight
I'm going shopping at the mall this afternoon.,"I'm hitting the mall later, fr fr.",im going shopping at the mall this afternoon,im hitting the mall later fr fr
"Hey, do you want to grab some coffee today?","Yo, wanna hit up some coffee today?",hey do you want to grab some coffee today,yo wanna hit up some coffee today
"I'm really tired today, I might just relax at home.","I'm hella exhausted today, might just chill at home.",im really tired today i might just relax at home,im hella exhausted today might just chill at home
"I'm feeling pretty tired today, so I'm just going to relax at home.","I'm hella drained today, so I'm just gonna chill at home.",im feeling pretty tired today so im just going to relax at home,im hella drained today so im just gonna chill at home
I just finished my homework and I'm ready to relax.,"Just knocked out my homework, now I'm chillin' and vibin'.",i just finished my homework and im ready to relax,just knocked out my homework now im chillin and vibin
I'm going to grab some coffee with my friends later.,I'm about to snag some coffee with my squad later.,im going to grab some coffee with my friends later,im about to snag some coffee with my squad later
I'm really excited for the weekend because I get to hang out with my friends.,I'm hella hyped for the weekend ‘cause I’m gonna chill with my squad.,im really excited for the weekend because i get to hang out with my friends,im hella hyped for the weekend ‘cause i’m gonna chill with my squad
I'm feeling really tired today because I didn't get enough sleep.,"I'm mad tired today 'cause I didn't sleep enough, fr.",im feeling really tired today because i didnt get enough sleep,im mad tired today cause i didnt sleep enough fr
I can't believe I forgot my phone at home today.,"Bruh, I lowkey left my phone home today, no cap.",i cant believe i forgot my phone at home today,bruh i lowkey left my phone home today no cap
I'm just going to grab some coffee before heading to work.,I'm finna sip some java before I dip to work.,im just going to grab some coffee before heading to work,im finna sip some java before i dip to work
I'm just really tired today after working all morning.,"I'm super drained today after grinding all morning, fr fr.",im just really tired today after working all morning,im super drained today after grinding all morning fr fr
I'm going to grab a quick snack before heading out.,Gonna snag a quick munch before I dip out.,im going to grab a quick snack before heading out,gonna snag a quick munch before i dip out
I'm really excited about the new movie tonight.,I'm hella pumped for the new flick tonight.,im really excited about the new movie tonight,im hella pumped for the new flick tonight
I'm just really tired from a long day at work.,"Honestly, I’m sooo drained after a whole shift at work.",im just really tired from a long day at work,honestly i’m sooo drained after a whole shift at work
I'm just relaxing and watching some movies today.,I'm just vibing and binge-watching some flicks today.,im just relaxing and watching some movies today,im just vibing and bingewatching some flicks today
I'm just really tired today.,I'm lowkey drained today.,im just really tired today,im lowkey drained today
I'm just going to grab some coffee before class.,"I'm finna snag some coffee before lecture, fr.",im just going to grab some coffee before class,im finna snag some coffee before lecture fr
I'm just going to chill at home all day.,I'm just gonna vibe at home all day. 🤙,im just going to chill at home all day,im just gonna vibe at home all day 🤙
"Hey, let's meet up at the park later.","Yo, let's slide to the park later.",hey lets meet up at the park later,yo lets slide to the park later
I'm going to grab a coffee with my friend tomorrow.,I'm finna hit up my homie for a coffee sesh tomorrow.,im going to grab a coffee with my friend tomorrow,im finna hit up my homie for a coffee sesh tomorrow
I'm just going to grab some coffee before heading to school.,I'm just gon' snag some coffee before bouncing to class.,im just going to grab some coffee before heading to school,im just gon snag some coffee before bouncing to class
I'm going to grab some coffee later with a friend.,"I'm finna get some coffee with my homie later, fr.",im going to grab some coffee later with a friend,im finna get some coffee with my homie later fr
I'm just going to relax at home this evening.,I'm just vibing at home tonight.,im just going to relax at home this evening,im just vibing at home tonight
"I'm really tired today, I think I'll stay home and relax.","I'm mad drained today, gonna chill at home and vibe.",im really tired today i think ill stay home and relax,im mad drained today gonna chill at home and vibe
I'm going to the mall to hang out with my friends this afternoon.,I'm hitin' up the mall to chill with my crew later.,im going to the mall to hang out with my friends this afternoon,im hitin up the mall to chill with my crew later
"Hey, do you want to grab lunch later?","Yo, wanna hit up lunch later?",hey do you want to grab lunch later,yo wanna hit up lunch later
"Hey, I just finished my homework and I’m ready to chill.","Yo, I just knocked out my homework and I’m all set to vibe.",hey i just finished my homework and i’m ready to chill,yo i just knocked out my homework and i’m all set to vibe
"Hey, I was just thinking about how cool that new song is.","Yo, that new track is straight fire, no cap!",hey i was just thinking about how cool that new song is,yo that new track is straight fire no cap
I'm going to the mall to hang out with my friends.,I'm hitting the mall to kick it with my squad.,im going to the mall to hang out with my friends,im hitting the mall to kick it with my squad
I'm just relaxing and listening to some music at home.,"Just vibing at home with some chill tunes, no cap.",im just relaxing and listening to some music at home,just vibing at home with some chill tunes no cap
That movie was really good tonight.,That flick was fire tonight!,that movie was really good tonight,that flick was fire tonight
I'm going to grab some coffee after work to relax.,I'm down to sip on some coffee after work to chill.,im going to grab some coffee after work to relax,im down to sip on some coffee after work to chill
I'm really looking forward to the weekend.,"I'm so hyped for the weekend, can't wait to turn up!",im really looking forward to the weekend,im so hyped for the weekend cant wait to turn up
I'm feeling really tired today after staying up all night.,I'm totally drained today after pulling an all-nighter.,im feeling really tired today after staying up all night,im totally drained today after pulling an allnighter
I'm just going to grab some food and relax at home tonight.,"I'm just gonna snag some snacks and chill at home tonight, fr.",im just going to grab some food and relax at home tonight,im just gonna snag some snacks and chill at home tonight fr
I'm just really tired because I stayed up late last night.,I'm mad exhausted 'cause I didn’t hit the hay till super late last night.,im just really tired because i stayed up late last night,im mad exhausted cause i didn’t hit the hay till super late last night
I'm feeling really tired today because I didn't sleep well last night.,I'm hella drained today 'cause I was up all night grindin' without rest.,im feeling really tired today because i didnt sleep well last night,im hella drained today cause i was up all night grindin without rest
I'm just chilling at home today.,I'm just vibing solo at home today.,im just chilling at home today,im just vibing solo at home today
I'm going to the store to grab some snacks.,I'm heading to the store to snag some munchies.,im going to the store to grab some snacks,im heading to the store to snag some munchies
I'm feeling pretty tired today.,"I'm mad vibing with exhaustion today, no cap.",im feeling pretty tired today,im mad vibing with exhaustion today no cap
"I'm really tired today, I didn't sleep well last night.","I'm super drained today, barely slept a wink last night.",im really tired today i didnt sleep well last night,im super drained today barely slept a wink last night
I'm just going to relax at home and watch some TV tonight.,I'm finna chill at my place and binge some shows tonight.,im just going to relax at home and watch some tv tonight,im finna chill at my place and binge some shows tonight
I'm just chilling at home and relaxing after a busy day.,"I'm just vibin' at home, takin' it easy after a hectic day.",im just chilling at home and relaxing after a busy day,im just vibin at home takin it easy after a hectic day
"Hey, did you see the new movie tonight?","Yo, did you peep the new flick tonight?",hey did you see the new movie tonight,yo did you peep the new flick tonight
"Hey, I thought I might grab a snack before heading out.","Yo, I’m litty and might snag a snack before bouncing.",hey i thought i might grab a snack before heading out,yo i’m litty and might snag a snack before bouncing
I'm just trying to get through the day and stay positive.,I'm just vibing through the day and keeping it chill.,im just trying to get through the day and stay positive,im just vibing through the day and keeping it chill
I'm just going to relax at home after school.,I'm just vibing at home after school.,im just going to relax at home after school,im just vibing at home after school
I'm really tired today because I stayed up late watching movies.,I'm hella exhausted 'cause I was up all night binge-watching movies.,im really tired today because i stayed up late watching movies,im hella exhausted cause i was up all night bingewatching movies
"Hey, how are you doing today?","Yo, what’s good? How you vibing today?",hey how are you doing today,yo what’s good how you vibing today
"I'm really tired today, so I think I'm just going to chill at home.","I'm so drained today, might just vibe solo and stay in.",im really tired today so i think im just going to chill at home,im so drained today might just vibe solo and stay in
"Hey, I really enjoy hanging out with my friends after school.","Yo, I’m vibing with my squad after class, fr.",hey i really enjoy hanging out with my friends after school,yo i’m vibing with my squad after class fr
I'm just relaxing at home tonight.,"Just chillin' at home tonight, no cap.",im just relaxing at home tonight,just chillin at home tonight no cap
I'm really excited to go to the concert tonight.,I'm so hyped for the concert tonight!,im really excited to go to the concert tonight,im so hyped for the concert tonight
I'm just really tired today because I didn’t sleep well.,I'm hella drained 'cause I didn't catch enough Z's.,im just really tired today because i didn’t sleep well,im hella drained cause i didnt catch enough zs
I'm just going to chill at home and watch some Netflix tonight.,"I'm just finna kick back at home and binge some Netflix tonight, no cap.",im just going to chill at home and watch some netflix tonight,im just finna kick back at home and binge some netflix tonight no cap
I'm just tired and want to relax at home tonight.,I'm dead tired and just wanna chill at home tonight.,im just tired and want to relax at home tonight,im dead tired and just wanna chill at home tonight
I'm heading to the cafe to grab some coffee.,"Yo, I’m heading to the café for some brews, no cap!",im heading to the cafe to grab some coffee,yo i’m heading to the café for some brews no cap
"I'm really tired today, I just want to relax and watch some TV.","I'm hella drained today, just tryna chill and scroll some streams.",im really tired today i just want to relax and watch some tv,im hella drained today just tryna chill and scroll some streams
"Hey, do you want to grab some food later?","Yo, wanna hit up some munchies later?",hey do you want to grab some food later,yo wanna hit up some munchies later
I'm feeling really tired after that long day at work.,"I'm dead exhausted after that long grind, fr.",im feeling really tired after that long day at work,im dead exhausted after that long grind fr
I'm just grabbing some coffee before work.,Gonna sip some coffee real quick before vibe at work.,im just grabbing some coffee before work,gonna sip some coffee real quick before vibe at work
"Hey, do you want to grab pizza tonight?","Yo, wanna snag some pizza tonight? Let's fucc it up!",hey do you want to grab pizza tonight,yo wanna snag some pizza tonight lets fucc it up
I'm really excited for the weekend to hang out with my friends.,I'm so hyped for the weekend to flex with my squad.,im really excited for the weekend to hang out with my friends,im so hyped for the weekend to flex with my squad
I'm really tired today after a long day at work.,I'm mad drained after a looong day at the 9 to 5.,im really tired today after a long day at work,im mad drained after a looong day at the 9 to 5
I'm just hanging out with my friends after school.,I'm just vibing with my squad after class.,im just hanging out with my friends after school,im just vibing with my squad after class
I'm really excited to chill with my friends tonight.,I'm soooo hyped to hang with my squad tonight!,im really excited to chill with my friends tonight,im soooo hyped to hang with my squad tonight
I'm going to grab some coffee. Do you want to come?,"I'm finna get some coffee, yolo? Do you wanna roll?",im going to grab some coffee do you want to come,im finna get some coffee yolo do you wanna roll
I'm just going to grab a snack before class.,"I'm just gonna peep some snacks before class, fr fr.",im just going to grab a snack before class,im just gonna peep some snacks before class fr fr
"Hey, do you want to grab a coffee after school?","Yo, wanna slide out for some coffee after class?",hey do you want to grab a coffee after school,yo wanna slide out for some coffee after class
"Hey, do you want to hang out later to watch a movie?","Yo, wanna vibe later and catch a flick?",hey do you want to hang out later to watch a movie,yo wanna vibe later and catch a flick
I was just chilling with my friends at the park.,I was just vibin' with my crew at the park.,i was just chilling with my friends at the park,i was just vibin with my crew at the park
I just finished my homework and I'm feeling really tired.,Just wrapped up my homework and I'm MAD drained.,i just finished my homework and im feeling really tired,just wrapped up my homework and im mad drained
"Hey, I'm just going to grab some coffee before heading to school.","Yo, I'm just finna hit up some coffee before I slide to school.",hey im just going to grab some coffee before heading to school,yo im just finna hit up some coffee before i slide to school
I'm just trying to hang out with my friends this weekend.,I’m just tryna vibe with my squad this weekend.,im just trying to hang out with my friends this weekend,i’m just tryna vibe with my squad this weekend
"I'm really tired today, I think I need a nap.","I'm super drained today, I gotta catch some z's.",im really tired today i think i need a nap,im super drained today i gotta catch some zs
"Hey, do you want to go out and grab some ice cream later?","Yo, wanna dip and get some ice cream later?",hey do you want to go out and grab some ice cream later,yo wanna dip and get some ice cream later
I'm really exhausted after a long day at work.,"I'm totally wiped after a long day at work, fr.",im really exhausted after a long day at work,im totally wiped after a long day at work fr
I'm really tired today because I didn't get enough sleep.,I'm totally drained today 'cause I slept like zero hours.,im really tired today because i didnt get enough sleep,im totally drained today cause i slept like zero hours
"I'm really tired today, I might just stay home and relax.","I'm so exhausted today, lowkey just tryna chill at home.",im really tired today i might just stay home and relax,im so exhausted today lowkey just tryna chill at home
Did you see the new movie last night?,"Yo, peep the new flick last night?",did you see the new movie last night,yo peep the new flick last night
I'm really tired today and just want to stay home.,I'm hella drained today and just wanna vibe at home.,im really tired today and just want to stay home,im hella drained today and just wanna vibe at home
I'm just going to hang out with my friends this afternoon.,I’m just gonna vibe with my friends later.,im just going to hang out with my friends this afternoon,i’m just gonna vibe with my friends later
"Hey, I just finished my homework and I'm pretty tired now.","Yo, I just wrapped up my homework and I'm totally drained now.",hey i just finished my homework and im pretty tired now,yo i just wrapped up my homework and im totally drained now
I'm really excited to go to the concert tonight!,I'm totally hyped to hit up the concert tonight! 🔥,im really excited to go to the concert tonight,im totally hyped to hit up the concert tonight 🔥
I'm just going to hang out with my friends before the movie starts.,I'm just gonna chill with my squad before the flick drops.,im just going to hang out with my friends before the movie starts,im just gonna chill with my squad before the flick drops
I'm just relaxing at home after a long day.,Chillin' at home after a mad busy day.,im just relaxing at home after a long day,chillin at home after a mad busy day
I'm really excited to go to the new cafe downtown tomorrow.,I'm mega hyped to hit up that new cafe downtown tomorrow!,im really excited to go to the new cafe downtown tomorrow,im mega hyped to hit up that new cafe downtown tomorrow
I'm going to grab a coffee with my friend later.,"I'm finna get coffee with my homie later, fr.",im going to grab a coffee with my friend later,im finna get coffee with my homie later fr
"Hey, I really like your new shoes!","Yo, those kicks are fire, no cap!",hey i really like your new shoes,yo those kicks are fire no cap
I'm really excited about the concert tomorrow.,I'm super hyped for the concert tomorrow!,im really excited about the concert tomorrow,im super hyped for the concert tomorrow
"Hey, do you want to grab lunch today?","Yo, you tryna slide and grab some food today?",hey do you want to grab lunch today,yo you tryna slide and grab some food today
I'm going out to grab some coffee with my friends.,I'm bouncing to get some java with my squad.,im going out to grab some coffee with my friends,im bouncing to get some java with my squad
I'm so tired after studying all day.,I'm deadass exhausted after grinding all day.,im so tired after studying all day,im deadass exhausted after grinding all day
I'm just going to relax at home and watch some shows.,I'm just chillin' at home and binge-watching some shows.,im just going to relax at home and watch some shows,im just chillin at home and bingewatching some shows
"Hey, do you want to hang out with me later?","Yo, wanna dip and vibe with me later?",hey do you want to hang out with me later,yo wanna dip and vibe with me later
I'm just hanging out with my friends at the coffee shop.,I'm just chillin' with my squad at the coffee spot.,im just hanging out with my friends at the coffee shop,im just chillin with my squad at the coffee spot
"Hey, I think I might skip the party tonight.","Yo, I might dip the party tonight, fr fr.",hey i think i might skip the party tonight,yo i might dip the party tonight fr fr
"Hey, did you see my new phone? It's pretty cool.","Yo, did you peep my new phone? It's mad sick.",hey did you see my new phone its pretty cool,yo did you peep my new phone its mad sick
I'm just really tired today after staying up all night.,I'm totally drained 'cause I pulled an all-nighter.,im just really tired today after staying up all night,im totally drained cause i pulled an allnighter
I'm just really tired today and didn't feel like going out.,I'm deadass exhausted today and had zero chill for going out.,im just really tired today and didnt feel like going out,im deadass exhausted today and had zero chill for going out
I'm feeling really tired today and just want to relax at home.,"I'm super woke and just wanna chill at my crib today, lowkey exhausted.",im feeling really tired today and just want to relax at home,im super woke and just wanna chill at my crib today lowkey exhausted
I'm really tired after work today.,I'm super beat after grindin' all day.,im really tired after work today,im super beat after grindin all day
I was just about to leave the house when I remembered I left my phone inside.,"I was finna dip, then I remembered I left my phone chillin' inside.",i was just about to leave the house when i remembered i left my phone inside,i was finna dip then i remembered i left my phone chillin inside
"I'm really tired today, but I still have to go to work.","I'm mad drained today, but I still gotta clock in.",im really tired today but i still have to go to work,im mad drained today but i still gotta clock in
I'm just going to grab a coffee before heading to work.,Gonna snag a coffee real quick before hitting the grind.,im just going to grab a coffee before heading to work,gonna snag a coffee real quick before hitting the grind
I'm just relaxing at home and listening to music.,"Chillin' at my pad, vibing out to some tunes.",im just relaxing at home and listening to music,chillin at my pad vibing out to some tunes
"Hey, are you busy this weekend?","Yo, you free this weekend or what?",hey are you busy this weekend,yo you free this weekend or what
I'm going to grab some food before the movie starts.,I'm finna snag some grub before the flick drops.,im going to grab some food before the movie starts,im finna snag some grub before the flick drops
"I'm really tired today, so I just want to rest and watch some TV.","I'm hella drained today, just tryna chill and binge some shows.",im really tired today so i just want to rest and watch some tv,im hella drained today just tryna chill and binge some shows
"I'm really tired today, so I just want to relax and watch some TV.","I'm super drained today, just tryna chill and binge some shows.",im really tired today so i just want to relax and watch some tv,im super drained today just tryna chill and binge some shows
I'm just honestly tired after a long day.,"I'm just vibing out tired after a whole day, no cap.",im just honestly tired after a long day,im just vibing out tired after a whole day no cap
"Hey, I found a really cool new cafe downtown.","Yo, just dived into this sick new spot downtown, it's fire!",hey i found a really cool new cafe downtown,yo just dived into this sick new spot downtown its fire
I'm so tired after the long day at work.,I'm totally drained after grinding all day at work.,im so tired after the long day at work,im totally drained after grinding all day at work
"I'm really tired today, I just want to relax at home.","I'm hella drained today, just wanna chill at home.",im really tired today i just want to relax at home,im hella drained today just wanna chill at home
"Hey, I saw a really cool hoodie at the store today.","Yo, I peeped a sick hoodie at the store today, fr fr.",hey i saw a really cool hoodie at the store today,yo i peeped a sick hoodie at the store today fr fr
I'm just going to grab some coffee and then go home and relax.,Just finna get some coffee and then dip home to chill. ✌️,im just going to grab some coffee and then go home and relax,just finna get some coffee and then dip home to chill ✌️
I just finished my homework and I'm really glad it's over.,"Yo, I just wrapped up my homework and I'm so relieved it's done.",i just finished my homework and im really glad its over,yo i just wrapped up my homework and im so relieved its done
"I'm really tired today, I think I'll just stay in and relax.","I'm hella tired today, might just chill at home and vibing.",im really tired today i think ill just stay in and relax,im hella tired today might just chill at home and vibing
I'm just going to grab some coffee before heading to class.,I'm finna snag some coffee before bouncing to class.,im just going to grab some coffee before heading to class,im finna snag some coffee before bouncing to class
I'm really tired today because I didn't sleep well last night.,I'm mad tired today 'cause I didn't catch enough Z's last night.,im really tired today because i didnt sleep well last night,im mad tired today cause i didnt catch enough zs last night
I really enjoyed that movie last night.,"That movie last night was a vibe, fr fr.",i really enjoyed that movie last night,that movie last night was a vibe fr fr
"Hey, I was just thinking about grabbing some lunch later.","Yo, I’m lowkey tryna snag some grub later, fr fr.",hey i was just thinking about grabbing some lunch later,yo i’m lowkey tryna snag some grub later fr fr
I'm just really tired today because I stayed up too late last night.,I'm hella drained today ‘cause I pulled an all-nighter last night.,im just really tired today because i stayed up too late last night,im hella drained today ‘cause i pulled an allnighter last night
I'm going to grab a coffee before heading to work.,I'm finna hit up some coffee before I dip to work.,im going to grab a coffee before heading to work,im finna hit up some coffee before i dip to work
I'm just going to hang out with my friends at the mall today.,I'm just vibing at the mall with my friends today.,im just going to hang out with my friends at the mall today,im just vibing at the mall with my friends today
I'm just trying to get through the day without any problems.,I'm just tryna vibing through the day without any drama.,im just trying to get through the day without any problems,im just tryna vibing through the day without any drama
I'm just going to grab some coffee and then head to the library.,"I'm just finna get some coffee and bounce to the library, fr.",im just going to grab some coffee and then head to the library,im just finna get some coffee and bounce to the library fr
"Yeah, I think I'm going to stay in tonight and relax.","Fr, I’m just chillin’ at home tonight, no cap.",yeah i think im going to stay in tonight and relax,fr i’m just chillin’ at home tonight no cap
"Hey, do you want to grab coffee after work?","Yo, wanna hit up some coffee after work?",hey do you want to grab coffee after work,yo wanna hit up some coffee after work
I'm really tired after a long day at school.,"I'm totally drained after a long day at school, fr.",im really tired after a long day at school,im totally drained after a long day at school fr
I'm just trying to relax after a long day.,"I'm just tryna chill out after a long day, fr.",im just trying to relax after a long day,im just tryna chill out after a long day fr
I'm just tired after a long day at work.,I'm just drained after a whole day grind.,im just tired after a long day at work,im just drained after a whole day grind
I'm just really tired today and don't want to do anything complicated.,I'm deadass exhausted today and not tryna do anything sus.,im just really tired today and dont want to do anything complicated,im deadass exhausted today and not tryna do anything sus
I'm just tired from studying all night.,I'm hella exhausted after pulling an all-nighter.,im just tired from studying all night,im hella exhausted after pulling an allnighter
I'm thinking about grabbing a coffee before heading to class.,"Yo, I'm vibing with the idea of snagging a coffee before I head to class, fr.",im thinking about grabbing a coffee before heading to class,yo im vibing with the idea of snagging a coffee before i head to class fr
I'm just really tired after studying all day.,"I'm totally drained after grinding all day, fr fr.",im just really tired after studying all day,im totally drained after grinding all day fr fr
I'm really excited about the concert tonight!,I'm totally hyped for the concert tonight!,im really excited about the concert tonight,im totally hyped for the concert tonight
"I'm really tired today, so I think I'll just relax at home.","I'm super drained today, so I'm just gonna chill at home.",im really tired today so i think ill just relax at home,im super drained today so im just gonna chill at home
"Hey, I just finished my homework and I'm feeling relaxed now.","Yo, just knocked out my homework, now I’m vibing chill.",hey i just finished my homework and im feeling relaxed now,yo just knocked out my homework now i’m vibing chill
I'm just going to relax and watch some TV.,I'm just chillin' and vibing with some TV.,im just going to relax and watch some tv,im just chillin and vibing with some tv
I'm just hanging out with friends at the park today.,"Yo, just chillin' with my crew at the park today, no cap.",im just hanging out with friends at the park today,yo just chillin with my crew at the park today no cap
I'm just gonna hang out with my friends tonight.,I'm just finna chill with my squad tonight.,im just gonna hang out with my friends tonight,im just finna chill with my squad tonight
"I'm just really tired today, I think I need some rest.","Lowkey exhausted today, I gotta catch some Z's.",im just really tired today i think i need some rest,lowkey exhausted today i gotta catch some zs
I went to the park yesterday and saw a lot of people having fun.,I hit up the park yesterday and saw a bunch of peeps vibing and having a good time.,i went to the park yesterday and saw a lot of people having fun,i hit up the park yesterday and saw a bunch of peeps vibing and having a good time
"Hey, do you want to hang out at the park later?","Yo, wanna chill at the park later? 😎",hey do you want to hang out at the park later,yo wanna chill at the park later 😎
I can't believe how tired I am after a long day.,"Bruh, I'm so drained after this full-on day, no cap.",i cant believe how tired i am after a long day,bruh im so drained after this fullon day no cap
I'm really tired because I didn't sleep well last night.,"I'm so drained, I barely slept last night, fr fr.",im really tired because i didnt sleep well last night,im so drained i barely slept last night fr fr
"Hey, have you seen my phone? I can't find it anywhere.","Yo, have you peeped my phone? It's ghosting me, can't find it anywhere lol.",hey have you seen my phone i cant find it anywhere,yo have you peeped my phone its ghosting me cant find it anywhere lol
"Hey, I was just thinking about how cool the new game is.","Yo, that new game is straight fire, no cap.",hey i was just thinking about how cool the new game is,yo that new game is straight fire no cap
"I'm really tired today, so I think I'll just relax and watch some movies.","I'm totally drained today, so I just wanna chill and binge-watch some flicks.",im really tired today so i think ill just relax and watch some movies,im totally drained today so i just wanna chill and bingewatch some flicks
I'm going to the mall later to hang out with my friends.,"I'm vibing at the mall later with my squad, no cap.",im going to the mall later to hang out with my friends,im vibing at the mall later with my squad no cap
"Hey, I’m just going to grab some coffee before work.","Yo, I’m about to hit up some caffeine before clocking in.",hey i’m just going to grab some coffee before work,yo i’m about to hit up some caffeine before clocking in
I'm really tired after studying all day.,I'm completely 🥱 after grinding all day.,im really tired after studying all day,im completely 🥱 after grinding all day
I'm just going to grab some food before heading to class.,I'm just finna get some munch before peacing to class.,im just going to grab some food before heading to class,im just finna get some munch before peacing to class
"Hey, want to grab some coffee later?","Yo, down to get some coffee later?",hey want to grab some coffee later,yo down to get some coffee later
"Hey, are you free to hang out later today?","Yo, you free to flex later?",hey are you free to hang out later today,yo you free to flex later
I'm really tired today and just want to stay home and relax.,I'm mad exhausted today and just wanna chill at home LOL.,im really tired today and just want to stay home and relax,im mad exhausted today and just wanna chill at home lol
"Hey, did you see the new movie everyone's talking about?","Yo, did u peep the new flick everyone's losing their minds over?",hey did you see the new movie everyones talking about,yo did u peep the new flick everyones losing their minds over
I'm totally exhausted after that long day.,"I'm so drained after such a long day, fr fr.",im totally exhausted after that long day,im so drained after such a long day fr fr
I'm just thinking about what to do this weekend.,I'm just vibing about what to do this weekend.,im just thinking about what to do this weekend,im just vibing about what to do this weekend
I'm just really tired today because I stayed up way too late last night.,I'm super drained today 'cause I was up way past my bedtime last night.,im just really tired today because i stayed up way too late last night,im super drained today cause i was up way past my bedtime last night
"I'm actually really tired today, so I think I'll just relax at home.","Yo, I'm super drained today, so I'm just gonna chill at home.",im actually really tired today so i think ill just relax at home,yo im super drained today so im just gonna chill at home
I'm just chilling at the park and enjoying the sun.,I'm just vibing at the park and catching the rays.,im just chilling at the park and enjoying the sun,im just vibing at the park and catching the rays
"Hey, I'm just chilling at home and watching some videos.","Yo, I'm just vibing at home and streaming some vids.",hey im just chilling at home and watching some videos,yo im just vibing at home and streaming some vids
I'm just heading to the store to grab some snacks.,I'm just sliding to the store to cop some snacks.,im just heading to the store to grab some snacks,im just sliding to the store to cop some snacks
"Hey, I was thinking about going shopping later.","Yo, I’m vibing with the idea of hitting the mall later, fr.",hey i was thinking about going shopping later,yo i’m vibing with the idea of hitting the mall later fr
"Hey, did you see the new episode of that show last night?","Yo, did you catch the new ep of that show yesterday? 😂",hey did you see the new episode of that show last night,yo did you catch the new ep of that show yesterday 😂
I'm just hanging out with my friends at the park after school.,"Chillin' with my crew at the park after class, no cap.",im just hanging out with my friends at the park after school,chillin with my crew at the park after class no cap
I was just relaxing at home and watching some TV.,"I was just vibing at home, bingeing some shows, no cap.",i was just relaxing at home and watching some tv,i was just vibing at home bingeing some shows no cap
I'm just feeling really tired after a long day at work.,"I'm so wiped after a long shift, fr fr.",im just feeling really tired after a long day at work,im so wiped after a long shift fr fr
"Hey, did you see that new movie everyone is talking about?","Yo, did you catch that new flick everyone’s vibing over?",hey did you see that new movie everyone is talking about,yo did you catch that new flick everyone’s vibing over
I'm just going to relax and watch some videos tonight.,I'm just gonna chill and scroll through some vids tonight.,im just going to relax and watch some videos tonight,im just gonna chill and scroll through some vids tonight
I'm just going to grab some coffee before I head out.,I'm just finna snag some java before I dip.,im just going to grab some coffee before i head out,im just finna snag some java before i dip
"Hey, I just saw my favorite band perform live last night.","Yo, I just caught my fave band live last night, it was lit!",hey i just saw my favorite band perform live last night,yo i just caught my fave band live last night it was lit
"I'm really tired after a long day, so I just want to relax and watch some TV.","I'm totally drained after a long day, just tryna chill and binge some shows.",im really tired after a long day so i just want to relax and watch some tv,im totally drained after a long day just tryna chill and binge some shows
"Hey, I saw you at the mall yesterday and you looked really cool.","Yo, I peeped you at the mall yesterday and you were fire legit!",hey i saw you at the mall yesterday and you looked really cool,yo i peeped you at the mall yesterday and you were fire legit
I'm just a little tired today because I stayed up late last night.,I'm mad sleepy today ’cause I pulled an all-nighter last night.,im just a little tired today because i stayed up late last night,im mad sleepy today ’cause i pulled an allnighter last night
"Hey, I just finished my homework and I’m ready to hang out.","Yo, just slapped that homework and I’m out here vibing now.",hey i just finished my homework and i’m ready to hang out,yo just slapped that homework and i’m out here vibing now
I'm just chillin' at home after a long day.,"I'm just vibing at home after a long day, no cap.",im just chillin at home after a long day,im just vibing at home after a long day no cap
"Hey, do you want to grab a quick coffee before the movie?","Yo, wanna grab a quick latte before the flick?",hey do you want to grab a quick coffee before the movie,yo wanna grab a quick latte before the flick
Can you help me with my homework later?,"Yo, can you peep my homework later?",can you help me with my homework later,yo can you peep my homework later
I'm just going for a walk to clear my mind.,"Yo, I’m just out here vibing on a walk to free my brain, no cap.",im just going for a walk to clear my mind,yo i’m just out here vibing on a walk to free my brain no cap
I'm just heading to the store to buy some snacks.,"Gonna slide to the store to grab some snacks, no cap.",im just heading to the store to buy some snacks,gonna slide to the store to grab some snacks no cap
"I'm really tired today, so I think I’ll just stay home and relax.","I'm totally dead today, so I'm just gonna chill at home and veg out.",im really tired today so i think i’ll just stay home and relax,im totally dead today so im just gonna chill at home and veg out
I'm just going to relax at home tonight and watch some movies.,"I'm just chillin' at home tonight, binge-watching some flicks.",im just going to relax at home tonight and watch some movies,im just chillin at home tonight bingewatching some flicks
"Hey, I just finished my homework and I'm relaxing now.","Yo, just peaced out my homework, now I’m chillin’ like a villain.",hey i just finished my homework and im relaxing now,yo just peaced out my homework now i’m chillin’ like a villain
I'm just heading to the store to pick up some snacks.,I'm just vibing to the store to snag some snacks.,im just heading to the store to pick up some snacks,im just vibing to the store to snag some snacks
"Hey, I’ve got to leave early today because I have an appointment.","Yo, I gotta bounce early today 'cause I got an appointment.",hey i’ve got to leave early today because i have an appointment,yo i gotta bounce early today cause i got an appointment
I'm just going to chill at home tonight and watch some movies.,I'm just gonna vibe at home tonight and binge some flicks.,im just going to chill at home tonight and watch some movies,im just gonna vibe at home tonight and binge some flicks
I'm just going to relax at home and watch some videos.,"I'm just chillin' at home, binge-watching vids, no cap.",im just going to relax at home and watch some videos,im just chillin at home bingewatching vids no cap
"Hey, do you want to hang out later and watch a movie?","Yo, wanna chill later and catch a flick?",hey do you want to hang out later and watch a movie,yo wanna chill later and catch a flick
I'm just hanging out with my friends at the mall.,I'm just chillin' with my friends at the mall.,im just hanging out with my friends at the mall,im just chillin with my friends at the mall
"Hey, I just got back from the store and I'm really tired.","Yo, just hit the store and I'm totally drained rn.",hey i just got back from the store and im really tired,yo just hit the store and im totally drained rn
I'm really excited to hang out with my friends this weekend.,I'm super hyped to chill with my crew this weekend.,im really excited to hang out with my friends this weekend,im super hyped to chill with my crew this weekend
I'm just going to hang out with my friends this weekend.,I'm just chillin' with my crew this weekend.,im just going to hang out with my friends this weekend,im just chillin with my crew this weekend
I'm just really tired today and think I might stay home.,"I'm mad exhausted today, probably just gonna ghost at home.",im just really tired today and think i might stay home,im mad exhausted today probably just gonna ghost at home
I really enjoyed hanging out with my friends at the park today.,Had a lit time chillin' with my crew at the park today.,i really enjoyed hanging out with my friends at the park today,had a lit time chillin with my crew at the park today
"Hey, are you coming to the party this weekend?","Yo, are you hitting up the party this weekend?",hey are you coming to the party this weekend,yo are you hitting up the party this weekend
"Hey, did you see the new movie last night?","Yo, did you catch that fresh flick yesterday night?",hey did you see the new movie last night,yo did you catch that fresh flick yesterday night
